-- phpMyAdmin SQL Dump
-- version 4.8.4
-- https://www.phpmyadmin.net/
--
-- Hôte : 127.0.0.1
-- Généré le :  jeu. 03 déc. 2020 à 18:50
-- Version du serveur :  10.1.37-MariaDB
-- Version de PHP :  7.3.1

SET SQL_MODE = "NO_AUTO_VALUE_ON_ZERO";
SET AUTOCOMMIT = 0;
START TRANSACTION;
SET time_zone = "+00:00";


/*!40101 SET @OLD_CHARACTER_SET_CLIENT=@@CHARACTER_SET_CLIENT */;
/*!40101 SET @OLD_CHARACTER_SET_RESULTS=@@CHARACTER_SET_RESULTS */;
/*!40101 SET @OLD_COLLATION_CONNECTION=@@COLLATION_CONNECTION */;
/*!40101 SET NAMES utf8mb4 */;

--
-- Base de données :  `hopital`
--

-- --------------------------------------------------------

--
-- Doublure de structure pour la vue `action_serial`
-- (Voir ci-dessous la vue réelle)
--
CREATE TABLE `action_serial` (
`id` int(11) unsigned
,`appointment_id` varchar(250)
,`patient_id` varchar(250)
,`phone_number` varchar(120)
,`schedul_id` int(11)
,`date` date
,`sequence` varchar(100)
,`doctor_id` int(11)
,`problem` varchar(255)
,`get_date_time` datetime
,`get_by` int(11)
,`status` int(11)
,`day` int(11)
,`start_time` time
,`end_time` time
,`per_patient_time` int(11)
,`visibility` int(11)
);

-- --------------------------------------------------------

--
-- Structure de la table `appointment_tbl`
--

CREATE TABLE `appointment_tbl` (
  `id` int(11) UNSIGNED NOT NULL,
  `appointment_id` varchar(250) NOT NULL,
  `patient_id` varchar(250) NOT NULL,
  `phone_number` varchar(120) DEFAULT NULL,
  `doctor_id` int(11) NOT NULL,
  `schedul_id` int(11) NOT NULL,
  `sequence` varchar(100) NOT NULL,
  `problem` varchar(255) NOT NULL,
  `get_date_time` datetime NOT NULL,
  `get_by` int(11) NOT NULL,
  `date` date NOT NULL,
  `status` int(11) NOT NULL DEFAULT '1'
) ENGINE=InnoDB DEFAULT CHARSET=utf8;

--
-- Déchargement des données de la table `appointment_tbl`
--

INSERT INTO `appointment_tbl` (`id`, `appointment_id`, `patient_id`, `phone_number`, `doctor_id`, `schedul_id`, `sequence`, `problem`, `get_date_time`, `get_by`, `date`, `status`) VALUES
(1, 'A17JR0IC', 'P17K8JD', '534535345345', 5, 16, '02:05 AM', 'Demo', '2017-11-20 09:33:16', 1, '2017-11-20', 1),
(2, 'A17R72WB', 'P17YVT8', '35235345', 5, 13, '02:00 AM', 'fsfsdf', '2017-11-21 04:57:19', 14, '2017-11-21', 1),
(3, 'A20SAMHN', 'P20C2E2', '098765432', 5, 17, '02:15 AM', '                                         JJJJJJJJ', '2020-12-03 11:42:02', 1, '2020-12-12', 1);

-- --------------------------------------------------------

--
-- Structure de la table `app_setting`
--

CREATE TABLE `app_setting` (
  `id` int(11) NOT NULL,
  `language` varchar(55) NOT NULL
) ENGINE=InnoDB DEFAULT CHARSET=latin1;

--
-- Déchargement des données de la table `app_setting`
--

INSERT INTO `app_setting` (`id`, `language`) VALUES
(1, 'franais');

-- --------------------------------------------------------

--
-- Structure de la table `category`
--

CREATE TABLE `category` (
  `mc_id` int(11) NOT NULL,
  `md_id` int(11) DEFAULT NULL,
  `cat_name` varchar(255) DEFAULT NULL,
  `lang_id` int(11) DEFAULT NULL,
  `ms_id` int(11) NOT NULL
) ENGINE=InnoDB DEFAULT CHARSET=utf8;

--
-- Déchargement des données de la table `category`
--

INSERT INTO `category` (`mc_id`, `md_id`, `cat_name`, `lang_id`, `ms_id`) VALUES
(1, 1, 'Category One', 1, 1),
(2, 2, 'Cata Two', 2, 2),
(3, 23, 'Category Three', 2, 4);

-- --------------------------------------------------------

--
-- Structure de la table `ci_sessions`
--

CREATE TABLE `ci_sessions` (
  `id` varchar(40) NOT NULL,
  `ip_address` varchar(45) NOT NULL,
  `timestamp` int(10) UNSIGNED NOT NULL DEFAULT '0',
  `data` blob NOT NULL,
  `date` date NOT NULL
) ENGINE=InnoDB DEFAULT CHARSET=utf8;

--
-- Déchargement des données de la table `ci_sessions`
--

INSERT INTO `ci_sessions` (`id`, `ip_address`, `timestamp`, `data`, `date`) VALUES
('0r0r0ghhc42mp73faa9bajrug862515q', '::1', 1607013551, 0x5f5f63695f6c6173745f726567656e65726174657c693a313630373031333535313b6c6f675f69647c733a313a2231223b646f63746f725f69647c733a313a2231223b646f63746f725f6e616d657c733a383a22476c6f726961204b223b646f63746f725f706963747572657c733a35303a22687474703a2f2f6c6f63616c686f73742f636c696e697175652f6173736574732f696d616765732f646f63746f722e706e67223b656d61696c7c733a31353a2261646d696e40676d61696c2e636f6d223b757365725f747970657c733a313a2231223b73657373696f6e5f69647c733a33323a226669707136356b7137666d6634666a70666774386639336d35716e6766626632223b6c6f676765645f696e7c623a313b, '0000-00-00'),
('1d5uerp36grejgct6gnui2b0lsn4j9dn', '::1', 1605874164, 0x5f5f63695f6c6173745f726567656e65726174657c693a313630353837343136343b657863657074696f6e7c733a31363a226d736720646520636f6e6e6578696f6e223b5f5f63695f766172737c613a313a7b733a393a22657863657074696f6e223b733a333a226e6577223b7d, '0000-00-00'),
('1i23sd2jf4v2nu9ne9l9rttv2unsanqj', '::1', 1606722156, 0x5f5f63695f6c6173745f726567656e65726174657c693a313630363732323135363b, '0000-00-00'),
('1rn3mq6hsiciqdcf9u90206jrm3t9lda', '::1', 1606885491, 0x5f5f63695f6c6173745f726567656e65726174657c693a313630363838353439313b6c6f675f69647c733a313a2231223b646f63746f725f69647c733a313a2231223b646f63746f725f6e616d657c733a383a22476c6f726961204b223b646f63746f725f706963747572657c733a35303a22687474703a2f2f6c6f63616c686f73742f636c696e697175652f6173736574732f696d616765732f646f63746f722e706e67223b656d61696c7c733a31353a2261646d696e40676d61696c2e636f6d223b757365725f747970657c733a313a2231223b73657373696f6e5f69647c733a33323a2231726e336d7136687369636971646366397539303230366a726d3374396c6461223b6c6f676765645f696e7c623a313b, '0000-00-00'),
('38gd9c2oakf7nv90dhpg184ts1mie9jb', '::1', 1605429971, 0x5f5f63695f6c6173745f726567656e65726174657c693a313630353432393937313b6c6f675f69647c733a313a2231223b646f63746f725f69647c733a313a2231223b646f63746f725f6e616d657c733a383a224a686f6e20446576223b646f63746f725f706963747572657c733a36333a22687474703a2f2f6c6f63616c686f73742f6264632f636c696e69636b2f2e2f6173736574732f75706c6f6164732f646f63746f722f6170706f696e2e6a7067223b656d61696c7c733a31353a2261646d696e40676d61696c2e636f6d223b757365725f747970657c733a313a2231223b73657373696f6e5f69647c733a33323a22333867643963326f616b66376e763930646870673138347473316d6965396a62223b6c6f676765645f696e7c623a313b705469746c657c733a31323a2250617469656e74204c697374223b5f5f63695f766172737c613a313a7b733a363a22705469746c65223b733a333a226e6577223b7d, '0000-00-00'),
('3gljkv0fbkimd38iuvs2bug1ieo59sqs', '::1', 1606789476, 0x5f5f63695f6c6173745f726567656e65726174657c693a313630363738393437363b6c6f675f69647c733a313a2231223b646f63746f725f69647c733a313a2231223b646f63746f725f6e616d657c733a383a22476c6f726961204b223b646f63746f725f706963747572657c733a35303a22687474703a2f2f6c6f63616c686f73742f636c696e697175652f6173736574732f696d616765732f646f63746f722e706e67223b656d61696c7c733a31353a2261646d696e40676d61696c2e636f6d223b757365725f747970657c733a313a2231223b73657373696f6e5f69647c733a33323a226c33726335753262367232366531633273326f75687575366933747634663865223b6c6f676765645f696e7c623a313b6d6573736167657c733a32353a224c6162656c206164646564207375636365737366756c6c7921223b5f5f63695f766172737c613a313a7b733a373a226d657373616765223b733a333a226f6c64223b7d, '0000-00-00'),
('3lipqmpusq61rkgpmp977t5rgee3chca', '::1', 1605875959, 0x5f5f63695f6c6173745f726567656e65726174657c693a313630353837353935393b657863657074696f6e7c733a31363a226d736720646520636f6e6e6578696f6e223b5f5f63695f766172737c613a313a7b733a393a22657863657074696f6e223b733a333a226e6577223b7d, '0000-00-00'),
('3u1qfnssmgb4dmltm19uidj0c41g7mvr', '::1', 1607003640, 0x5f5f63695f6c6173745f726567656e65726174657c693a313630373030333634303b6c6f675f69647c733a313a2231223b646f63746f725f69647c733a313a2231223b646f63746f725f6e616d657c733a383a22476c6f726961204b223b646f63746f725f706963747572657c733a35303a22687474703a2f2f6c6f63616c686f73742f636c696e697175652f6173736574732f696d616765732f646f63746f722e706e67223b656d61696c7c733a31353a2261646d696e40676d61696c2e636f6d223b757365725f747970657c733a313a2231223b73657373696f6e5f69647c733a33323a2233753171666e73736d676234646d6c746d31397569646a3063343167376d7672223b6c6f676765645f696e7c623a313b, '0000-00-00'),
('4cn6aopl3fr9mfqnq642gnj37ik85bab', '::1', 1605431017, 0x5f5f63695f6c6173745f726567656e65726174657c693a313630353433313031373b6c6f675f69647c733a313a2231223b646f63746f725f69647c733a313a2231223b646f63746f725f6e616d657c733a383a224a686f6e20446576223b646f63746f725f706963747572657c733a36333a22687474703a2f2f6c6f63616c686f73742f6264632f636c696e69636b2f2e2f6173736574732f75706c6f6164732f646f63746f722f6170706f696e2e6a7067223b656d61696c7c733a31353a2261646d696e40676d61696c2e636f6d223b757365725f747970657c733a313a2231223b73657373696f6e5f69647c733a33323a22673875353772656c6a67656d6b6c65766f30316576336b383464746d6b70756c223b6c6f676765645f696e7c623a313b, '0000-00-00'),
('4s2nbh0gncie4006eep335rll4rmfgs8', '::1', 1607003788, 0x5f5f63695f6c6173745f726567656e65726174657c693a313630373030333634303b6c6f675f69647c733a313a2231223b646f63746f725f69647c733a313a2231223b646f63746f725f6e616d657c733a383a22476c6f726961204b223b646f63746f725f706963747572657c733a35303a22687474703a2f2f6c6f63616c686f73742f636c696e697175652f6173736574732f696d616765732f646f63746f722e706e67223b656d61696c7c733a31353a2261646d696e40676d61696c2e636f6d223b757365725f747970657c733a313a2231223b73657373696f6e5f69647c733a33323a2233753171666e73736d676234646d6c746d31397569646a3063343167376d7672223b6c6f676765645f696e7c623a313b, '0000-00-00'),
('57e18pc3u3sj1c87v2m8kvsstajrfjme', '::1', 1606886975, 0x5f5f63695f6c6173745f726567656e65726174657c693a313630363838363937353b6c6f675f69647c733a313a2231223b646f63746f725f69647c733a313a2231223b646f63746f725f6e616d657c733a383a22476c6f726961204b223b646f63746f725f706963747572657c733a35303a22687474703a2f2f6c6f63616c686f73742f636c696e697175652f6173736574732f696d616765732f646f63746f722e706e67223b656d61696c7c733a31353a2261646d696e40676d61696c2e636f6d223b757365725f747970657c733a313a2231223b73657373696f6e5f69647c733a33323a2231726e336d7136687369636971646366397539303230366a726d3374396c6461223b6c6f676765645f696e7c623a313b6d6573736167657c733a32353a224c6162656c206164646564207375636365737366756c6c7921223b5f5f63695f766172737c613a313a7b733a373a226d657373616765223b733a333a226f6c64223b7d, '0000-00-00'),
('5hm48q45s94qb1hd7j921qv19vj2jeje', '::1', 1606848854, 0x5f5f63695f6c6173745f726567656e65726174657c693a313630363834383835343b6c6f675f69647c733a313a2231223b646f63746f725f69647c733a313a2231223b646f63746f725f6e616d657c733a383a22476c6f726961204b223b646f63746f725f706963747572657c733a35303a22687474703a2f2f6c6f63616c686f73742f636c696e697175652f6173736574732f696d616765732f646f63746f722e706e67223b656d61696c7c733a31353a2261646d696e40676d61696c2e636f6d223b757365725f747970657c733a313a2231223b73657373696f6e5f69647c733a33323a226b726c6637716e616a6a317332713675636364616e72346e636a727531687169223b6c6f676765645f696e7c623a313b, '0000-00-00'),
('5kf62vsl77uptp98c2rd61bradmiu6md', '::1', 1605880050, 0x5f5f63695f6c6173745f726567656e65726174657c693a313630353838303035303b6c6f675f69647c733a313a2231223b646f63746f725f69647c733a313a2231223b646f63746f725f6e616d657c733a383a22476c6f726961204b223b646f63746f725f706963747572657c733a35303a22687474703a2f2f6c6f63616c686f73742f636c696e697175652f6173736574732f696d616765732f646f63746f722e706e67223b656d61696c7c733a31353a2261646d696e40676d61696c2e636f6d223b757365725f747970657c733a313a2231223b73657373696f6e5f69647c733a33323a226f32746e336675633365656174756271726b68626a686b70376e30346b6b7068223b6c6f676765645f696e7c623a313b705469746c657c733a31323a2250617469656e74204c697374223b5f5f63695f766172737c613a313a7b733a363a22705469746c65223b733a333a226e6577223b7d, '0000-00-00'),
('5no8vvlio4mrodjkfgrj7da62jalr3rp', '::1', 1606817191, 0x5f5f63695f6c6173745f726567656e65726174657c693a313630363831373139313b6c6f675f69647c733a313a2231223b646f63746f725f69647c733a313a2231223b646f63746f725f6e616d657c733a383a22476c6f726961204b223b646f63746f725f706963747572657c733a35303a22687474703a2f2f6c6f63616c686f73742f636c696e697175652f6173736574732f696d616765732f646f63746f722e706e67223b656d61696c7c733a31353a2261646d696e40676d61696c2e636f6d223b757365725f747970657c733a313a2231223b73657373696f6e5f69647c733a33323a226632723964346173717132626238706e3731686c6f6c6739636368696532756b223b6c6f676765645f696e7c623a313b, '0000-00-00'),
('64stdtp5kondpgapg8hm9l0ar9qkgejr', '::1', 1605884393, 0x5f5f63695f6c6173745f726567656e65726174657c693a313630353838343339333b6c6f675f69647c733a313a2231223b646f63746f725f69647c733a313a2231223b646f63746f725f6e616d657c733a383a22476c6f726961204b223b646f63746f725f706963747572657c733a35303a22687474703a2f2f6c6f63616c686f73742f636c696e697175652f6173736574732f696d616765732f646f63746f722e706e67223b656d61696c7c733a31353a2261646d696e40676d61696c2e636f6d223b757365725f747970657c733a313a2231223b73657373696f6e5f69647c733a33323a226f32746e336675633365656174756271726b68626a686b70376e30346b6b7068223b6c6f676765645f696e7c623a313b, '0000-00-00'),
('6kmqdo1eq2vgk1pfe68bmopv0o1gp9jt', '::1', 1605431319, 0x5f5f63695f6c6173745f726567656e65726174657c693a313630353433313331393b6c6f675f69647c733a313a2231223b646f63746f725f69647c733a313a2231223b646f63746f725f6e616d657c733a383a224a686f6e20446576223b646f63746f725f706963747572657c733a36333a22687474703a2f2f6c6f63616c686f73742f6264632f636c696e69636b2f2e2f6173736574732f75706c6f6164732f646f63746f722f6170706f696e2e6a7067223b656d61696c7c733a31353a2261646d696e40676d61696c2e636f6d223b757365725f747970657c733a313a2231223b73657373696f6e5f69647c733a33323a22673875353772656c6a67656d6b6c65766f30316576336b383464746d6b70756c223b6c6f676765645f696e7c623a313b6d6573736167657c733a36323a223c64697620636c6173733d22616c65727420616c6572742d73756363657373206d7367223e5365747570205375636365737367756c6c792e3c2f6469763e223b5f5f63695f766172737c613a313a7b733a373a226d657373616765223b733a333a226e6577223b7d, '0000-00-00'),
('87h8p55oiqe0b102mh08htoi1fciai1g', '::1', 1605435029, 0x5f5f63695f6c6173745f726567656e65726174657c693a313630353433353032393b6c6f675f69647c733a313a2231223b646f63746f725f69647c733a313a2231223b646f63746f725f6e616d657c733a383a224a686f6e20446576223b646f63746f725f706963747572657c733a36333a22687474703a2f2f6c6f63616c686f73742f6264632f636c696e69636b2f2e2f6173736574732f75706c6f6164732f646f63746f722f6170706f696e2e6a7067223b656d61696c7c733a31353a2261646d696e40676d61696c2e636f6d223b757365725f747970657c733a313a2231223b73657373696f6e5f69647c733a33323a22696c386e3968766c6f6873346b69716374317171716132386933756f636e6f64223b6c6f676765645f696e7c623a313b, '0000-00-00'),
('92mo2ecntl15vfin7c4iu3fv7ht223b2', '::1', 1605430615, 0x5f5f63695f6c6173745f726567656e65726174657c693a313630353433303631353b6c6f675f69647c733a313a2231223b646f63746f725f69647c733a313a2231223b646f63746f725f6e616d657c733a383a224a686f6e20446576223b646f63746f725f706963747572657c733a36333a22687474703a2f2f6c6f63616c686f73742f6264632f636c696e69636b2f2e2f6173736574732f75706c6f6164732f646f63746f722f6170706f696e2e6a7067223b656d61696c7c733a31353a2261646d696e40676d61696c2e636f6d223b757365725f747970657c733a313a2231223b73657373696f6e5f69647c733a33323a22673875353772656c6a67656d6b6c65766f30316576336b383464746d6b70756c223b6c6f676765645f696e7c623a313b705469746c657c733a31323a2250617469656e74204c697374223b5f5f63695f766172737c613a313a7b733a363a22705469746c65223b733a333a226f6c64223b7d, '0000-00-00'),
('9seu4co9dhot0dkv7tsqeokv8l6qos2t', '192.168.43.227', 1605439551, 0x5f5f63695f6c6173745f726567656e65726174657c693a313630353433393535313b6c6f675f69647c733a313a2231223b646f63746f725f69647c733a313a2231223b646f63746f725f6e616d657c733a383a22476c6f726961204b223b646f63746f725f706963747572657c733a35303a22687474703a2f2f6c6f63616c686f73742f636c696e697175652f6173736574732f696d616765732f646f63746f722e706e67223b656d61696c7c733a31353a2261646d696e40676d61696c2e636f6d223b757365725f747970657c733a313a2231223b73657373696f6e5f69647c733a33323a2266663131706f3171346e6d306876656f36646f336a677539346d683762737573223b6c6f676765645f696e7c623a313b6d6573736167657c733a32353a224c6162656c206164646564207375636365737366756c6c7921223b5f5f63695f766172737c613a313a7b733a373a226d657373616765223b733a333a226e6577223b7d, '0000-00-00'),
('an8s1fb17vm6qcab7enskiggr9b75ilh', '::1', 1607016036, 0x5f5f63695f6c6173745f726567656e65726174657c693a313630373031363033363b6c6f675f69647c733a313a2231223b646f63746f725f69647c733a313a2231223b646f63746f725f6e616d657c733a383a22476c6f726961204b223b646f63746f725f706963747572657c733a35303a22687474703a2f2f6c6f63616c686f73742f636c696e697175652f6173736574732f696d616765732f646f63746f722e706e67223b656d61696c7c733a31353a2261646d696e40676d61696c2e636f6d223b757365725f747970657c733a313a2231223b73657373696f6e5f69647c733a33323a226669707136356b7137666d6634666a70666774386639336d35716e6766626632223b6c6f676765645f696e7c623a313b6d6573736167657c733a33313a224672616e61697320697320616374697665207375636365737366756c6c7921223b5f5f63695f766172737c613a313a7b733a373a226d657373616765223b733a333a226f6c64223b7d, '0000-00-00'),
('atcd56m3nf1sd3afs5no9t4tolgsamf6', '::1', 1606789104, 0x5f5f63695f6c6173745f726567656e65726174657c693a313630363738393130343b6c6f675f69647c733a313a2231223b646f63746f725f69647c733a313a2231223b646f63746f725f6e616d657c733a383a22476c6f726961204b223b646f63746f725f706963747572657c733a35303a22687474703a2f2f6c6f63616c686f73742f636c696e697175652f6173736574732f696d616765732f646f63746f722e706e67223b656d61696c7c733a31353a2261646d696e40676d61696c2e636f6d223b757365725f747970657c733a313a2231223b73657373696f6e5f69647c733a33323a226c33726335753262367232366531633273326f75687575366933747634663865223b6c6f676765645f696e7c623a313b6d6573736167657c733a32353a224c6162656c206164646564207375636365737366756c6c7921223b5f5f63695f766172737c613a313a7b733a373a226d657373616765223b733a333a226e6577223b7d, '0000-00-00'),
('b4huga8ojbbkhljb13mp1879sae24bb8', '::1', 1606815973, 0x5f5f63695f6c6173745f726567656e65726174657c693a313630363831353937333b6c6f675f69647c733a313a2231223b646f63746f725f69647c733a313a2231223b646f63746f725f6e616d657c733a383a22476c6f726961204b223b646f63746f725f706963747572657c733a35303a22687474703a2f2f6c6f63616c686f73742f636c696e697175652f6173736574732f696d616765732f646f63746f722e706e67223b656d61696c7c733a31353a2261646d696e40676d61696c2e636f6d223b757365725f747970657c733a313a2231223b73657373696f6e5f69647c733a33323a226632723964346173717132626238706e3731686c6f6c6739636368696532756b223b6c6f676765645f696e7c623a313b6d6573736167657c733a32353a224c6162656c206164646564207375636365737366756c6c7921223b5f5f63695f766172737c613a313a7b733a373a226d657373616765223b733a333a226f6c64223b7d, '0000-00-00'),
('betg0ca98rsjk1lbpva7a27eqn5jsvpv', '::1', 1607017323, 0x5f5f63695f6c6173745f726567656e65726174657c693a313630373031373039383b6c6f675f69647c733a313a2231223b646f63746f725f69647c733a313a2231223b646f63746f725f6e616d657c733a383a22476c6f726961204b223b646f63746f725f706963747572657c733a35303a22687474703a2f2f6c6f63616c686f73742f636c696e697175652f6173736574732f696d616765732f646f63746f722e706e67223b656d61696c7c733a31353a2261646d696e40676d61696c2e636f6d223b757365725f747970657c733a313a2231223b73657373696f6e5f69647c733a33323a226669707136356b7137666d6634666a70666774386639336d35716e6766626632223b6c6f676765645f696e7c623a313b, '0000-00-00'),
('bshnir5n12fuck9v7bgre8otfg2oem0i', '::1', 1605440047, 0x5f5f63695f6c6173745f726567656e65726174657c693a313630353434303034373b6c6f675f69647c733a313a2231223b646f63746f725f69647c733a313a2231223b646f63746f725f6e616d657c733a383a22476c6f726961204b223b646f63746f725f706963747572657c733a35303a22687474703a2f2f6c6f63616c686f73742f636c696e697175652f6173736574732f696d616765732f646f63746f722e706e67223b656d61696c7c733a31353a2261646d696e40676d61696c2e636f6d223b757365725f747970657c733a313a2231223b73657373696f6e5f69647c733a33323a2275696e707671716f72646769346c396867636934397268343375626e6b6f6732223b6c6f676765645f696e7c623a313b, '0000-00-00'),
('budhnq2mrk2teb76k4jm4d0jkcjmkebi', '::1', 1605439260, 0x5f5f63695f6c6173745f726567656e65726174657c693a313630353433393236303b6c6f675f69647c733a313a2231223b646f63746f725f69647c733a313a2231223b646f63746f725f6e616d657c733a383a22476c6f726961204b223b646f63746f725f706963747572657c733a35303a22687474703a2f2f6c6f63616c686f73742f636c696e697175652f6173736574732f696d616765732f646f63746f722e706e67223b656d61696c7c733a31353a2261646d696e40676d61696c2e636f6d223b757365725f747970657c733a313a2231223b73657373696f6e5f69647c733a33323a2275696e707671716f72646769346c396867636934397268343375626e6b6f6732223b6c6f676765645f696e7c623a313b, '0000-00-00'),
('c93ihbulpuge3e7c6897h6grq0agtvcj', '::1', 1605875407, 0x5f5f63695f6c6173745f726567656e65726174657c693a313630353837353430373b657863657074696f6e7c733a31363a226d736720646520636f6e6e6578696f6e223b5f5f63695f766172737c613a313a7b733a393a22657863657074696f6e223b733a333a226e6577223b7d, '0000-00-00'),
('cj6d7pcsh84hgr2pvhfnius23vq0m4nd', '192.168.43.227', 1605437444, 0x5f5f63695f6c6173745f726567656e65726174657c693a313630353433373434343b6c6f675f69647c733a313a2231223b646f63746f725f69647c733a313a2231223b646f63746f725f6e616d657c733a383a22476c6f726961204b223b646f63746f725f706963747572657c733a35303a22687474703a2f2f6c6f63616c686f73742f636c696e697175652f6173736574732f696d616765732f646f63746f722e706e67223b656d61696c7c733a31353a2261646d696e40676d61696c2e636f6d223b757365725f747970657c733a313a2231223b73657373696f6e5f69647c733a33323a2266663131706f3171346e6d306876656f36646f336a677539346d683762737573223b6c6f676765645f696e7c623a313b, '0000-00-00'),
('d2s0rdi2vtf65vj7dd2oni1r6hbbf791', '192.168.43.227', 1605440035, 0x5f5f63695f6c6173745f726567656e65726174657c693a313630353433393837393b6c6f675f69647c733a313a2231223b646f63746f725f69647c733a313a2231223b646f63746f725f6e616d657c733a383a22476c6f726961204b223b646f63746f725f706963747572657c733a35303a22687474703a2f2f6c6f63616c686f73742f636c696e697175652f6173736574732f696d616765732f646f63746f722e706e67223b656d61696c7c733a31353a2261646d696e40676d61696c2e636f6d223b757365725f747970657c733a313a2231223b73657373696f6e5f69647c733a33323a2266663131706f3171346e6d306876656f36646f336a677539346d683762737573223b6c6f676765645f696e7c623a313b, '0000-00-00'),
('d56sopq0fkj9eioc4t7kg9s9b0pvl88t', '192.168.43.227', 1605437773, 0x5f5f63695f6c6173745f726567656e65726174657c693a313630353433373737333b6c6f675f69647c733a313a2231223b646f63746f725f69647c733a313a2231223b646f63746f725f6e616d657c733a383a22476c6f726961204b223b646f63746f725f706963747572657c733a35303a22687474703a2f2f6c6f63616c686f73742f636c696e697175652f6173736574732f696d616765732f646f63746f722e706e67223b656d61696c7c733a31353a2261646d696e40676d61696c2e636f6d223b757365725f747970657c733a313a2231223b73657373696f6e5f69647c733a33323a2266663131706f3171346e6d306876656f36646f336a677539346d683762737573223b6c6f676765645f696e7c623a313b, '0000-00-00'),
('e0q5fap4qr7aosbmta9mu3q0lk561dga', '192.168.43.227', 1605439233, 0x5f5f63695f6c6173745f726567656e65726174657c693a313630353433393233333b6c6f675f69647c733a313a2231223b646f63746f725f69647c733a313a2231223b646f63746f725f6e616d657c733a383a22476c6f726961204b223b646f63746f725f706963747572657c733a35303a22687474703a2f2f6c6f63616c686f73742f636c696e697175652f6173736574732f696d616765732f646f63746f722e706e67223b656d61696c7c733a31353a2261646d696e40676d61696c2e636f6d223b757365725f747970657c733a313a2231223b73657373696f6e5f69647c733a33323a2266663131706f3171346e6d306876656f36646f336a677539346d683762737573223b6c6f676765645f696e7c623a313b6d6573736167657c733a32353a224c6162656c206164646564207375636365737366756c6c7921223b5f5f63695f766172737c613a313a7b733a373a226d657373616765223b733a333a226f6c64223b7d, '0000-00-00'),
('ehq1kl6ogu51ok4au5hputo8cq260kqg', '192.168.43.227', 1605438599, 0x5f5f63695f6c6173745f726567656e65726174657c693a313630353433383539393b6c6f675f69647c733a313a2231223b646f63746f725f69647c733a313a2231223b646f63746f725f6e616d657c733a383a22476c6f726961204b223b646f63746f725f706963747572657c733a35303a22687474703a2f2f6c6f63616c686f73742f636c696e697175652f6173736574732f696d616765732f646f63746f722e706e67223b656d61696c7c733a31353a2261646d696e40676d61696c2e636f6d223b757365725f747970657c733a313a2231223b73657373696f6e5f69647c733a33323a2266663131706f3171346e6d306876656f36646f336a677539346d683762737573223b6c6f676765645f696e7c623a313b6d6573736167657c733a33313a22456e676c69736820697320616374697665207375636365737366756c6c7921223b5f5f63695f766172737c613a313a7b733a373a226d657373616765223b733a333a226f6c64223b7d, '0000-00-00'),
('f2r9d4asqq2bb8pn71hlolg9cchie2uk', '::1', 1606815536, 0x5f5f63695f6c6173745f726567656e65726174657c693a313630363831353533363b6c6f675f69647c733a313a2231223b646f63746f725f69647c733a313a2231223b646f63746f725f6e616d657c733a383a22476c6f726961204b223b646f63746f725f706963747572657c733a35303a22687474703a2f2f6c6f63616c686f73742f636c696e697175652f6173736574732f696d616765732f646f63746f722e706e67223b656d61696c7c733a31353a2261646d696e40676d61696c2e636f6d223b757365725f747970657c733a313a2231223b73657373696f6e5f69647c733a33323a226632723964346173717132626238706e3731686c6f6c6739636368696532756b223b6c6f676765645f696e7c623a313b, '0000-00-00'),
('fa7fnafh4aous2bdbleoc3rg40fsc32k', '::1', 1606888025, 0x5f5f63695f6c6173745f726567656e65726174657c693a313630363838383031313b6c6f675f69647c733a313a2231223b646f63746f725f69647c733a313a2231223b646f63746f725f6e616d657c733a383a22476c6f726961204b223b646f63746f725f706963747572657c733a35303a22687474703a2f2f6c6f63616c686f73742f636c696e697175652f6173736574732f696d616765732f646f63746f722e706e67223b656d61696c7c733a31353a2261646d696e40676d61696c2e636f6d223b757365725f747970657c733a313a2231223b73657373696f6e5f69647c733a33323a2231726e336d7136687369636971646366397539303230366a726d3374396c6461223b6c6f676765645f696e7c623a313b6d6573736167657c733a32353a224c6162656c206164646564207375636365737366756c6c7921223b5f5f63695f766172737c613a313a7b733a373a226d657373616765223b733a333a226f6c64223b7d, '0000-00-00'),
('ff11po1q4nm0hveo6do3jgu94mh7bsus', '192.168.43.227', 1605436609, 0x5f5f63695f6c6173745f726567656e65726174657c693a313630353433363630393b6c6f675f69647c733a313a2231223b646f63746f725f69647c733a313a2231223b646f63746f725f6e616d657c733a383a22476c6f726961204b223b646f63746f725f706963747572657c733a35303a22687474703a2f2f6c6f63616c686f73742f636c696e697175652f6173736574732f696d616765732f646f63746f722e706e67223b656d61696c7c733a31353a2261646d696e40676d61696c2e636f6d223b757365725f747970657c733a313a2231223b73657373696f6e5f69647c733a33323a2266663131706f3171346e6d306876656f36646f336a677539346d683762737573223b6c6f676765645f696e7c623a313b, '0000-00-00'),
('fipq65kq7fmf4fjpfgt8f93m5qngfbf2', '::1', 1607013216, 0x5f5f63695f6c6173745f726567656e65726174657c693a313630373031333231363b6c6f675f69647c733a313a2231223b646f63746f725f69647c733a313a2231223b646f63746f725f6e616d657c733a383a22476c6f726961204b223b646f63746f725f706963747572657c733a35303a22687474703a2f2f6c6f63616c686f73742f636c696e697175652f6173736574732f696d616765732f646f63746f722e706e67223b656d61696c7c733a31353a2261646d696e40676d61696c2e636f6d223b757365725f747970657c733a313a2231223b73657373696f6e5f69647c733a33323a226669707136356b7137666d6634666a70666774386639336d35716e6766626632223b6c6f676765645f696e7c623a313b, '0000-00-00'),
('g817tr6dd2baqifksarg1dip8emnvsk1', '::1', 1606790979, 0x5f5f63695f6c6173745f726567656e65726174657c693a313630363739303936353b6c6f675f69647c733a313a2231223b646f63746f725f69647c733a313a2231223b646f63746f725f6e616d657c733a383a22476c6f726961204b223b646f63746f725f706963747572657c733a35303a22687474703a2f2f6c6f63616c686f73742f636c696e697175652f6173736574732f696d616765732f646f63746f722e706e67223b656d61696c7c733a31353a2261646d696e40676d61696c2e636f6d223b757365725f747970657c733a313a2231223b73657373696f6e5f69647c733a33323a226c33726335753262367232366531633273326f75687575366933747634663865223b6c6f676765645f696e7c623a313b6d6573736167657c733a32353a224c6162656c206164646564207375636365737366756c6c7921223b5f5f63695f766172737c613a313a7b733a373a226d657373616765223b733a333a226f6c64223b7d, '0000-00-00'),
('g8u57reljgemklevo01ev3k84dtmkpul', '::1', 1605430311, 0x5f5f63695f6c6173745f726567656e65726174657c693a313630353433303331313b6c6f675f69647c733a313a2231223b646f63746f725f69647c733a313a2231223b646f63746f725f6e616d657c733a383a224a686f6e20446576223b646f63746f725f706963747572657c733a36333a22687474703a2f2f6c6f63616c686f73742f6264632f636c696e69636b2f2e2f6173736574732f75706c6f6164732f646f63746f722f6170706f696e2e6a7067223b656d61696c7c733a31353a2261646d696e40676d61696c2e636f6d223b757365725f747970657c733a313a2231223b73657373696f6e5f69647c733a33323a22673875353772656c6a67656d6b6c65766f30316576336b383464746d6b70756c223b6c6f676765645f696e7c623a313b, '0000-00-00'),
('hmk035f9oon5774gbsad67c5tsjc543h', '::1', 1606817467, 0x5f5f63695f6c6173745f726567656e65726174657c693a313630363831373139313b6c6f675f69647c733a313a2231223b646f63746f725f69647c733a313a2231223b646f63746f725f6e616d657c733a383a22476c6f726961204b223b646f63746f725f706963747572657c733a35303a22687474703a2f2f6c6f63616c686f73742f636c696e697175652f6173736574732f696d616765732f646f63746f722e706e67223b656d61696c7c733a31353a2261646d696e40676d61696c2e636f6d223b757365725f747970657c733a313a2231223b73657373696f6e5f69647c733a33323a226632723964346173717132626238706e3731686c6f6c6739636368696532756b223b6c6f676765645f696e7c623a313b, '0000-00-00'),
('iei6utbqrb855htbs4u5tji0jcsc9ka5', '::1', 1606741905, 0x5f5f63695f6c6173745f726567656e65726174657c693a313630363734313839353b6c6f675f69647c733a313a2231223b646f63746f725f69647c733a313a2231223b646f63746f725f6e616d657c733a383a22476c6f726961204b223b646f63746f725f706963747572657c733a35303a22687474703a2f2f6c6f63616c686f73742f636c696e697175652f6173736574732f696d616765732f646f63746f722e706e67223b656d61696c7c733a31353a2261646d696e40676d61696c2e636f6d223b757365725f747970657c733a313a2231223b73657373696f6e5f69647c733a33323a227062666d707669703675336e6b7472756b357573386462357375746d6e753365223b6c6f676765645f696e7c623a313b, '0000-00-00'),
('ifatqnfd9al5n6i3k2qck03tquh2ed3s', '::1', 1606884616, 0x5f5f63695f6c6173745f726567656e65726174657c693a313630363838343631363b, '0000-00-00'),
('il8n9hvlohs4kiqct1qqqa28i3uocnod', '::1', 1605432643, 0x5f5f63695f6c6173745f726567656e65726174657c693a313630353433323634333b6c6f675f69647c733a313a2231223b646f63746f725f69647c733a313a2231223b646f63746f725f6e616d657c733a383a224a686f6e20446576223b646f63746f725f706963747572657c733a36333a22687474703a2f2f6c6f63616c686f73742f6264632f636c696e69636b2f2e2f6173736574732f75706c6f6164732f646f63746f722f6170706f696e2e6a7067223b656d61696c7c733a31353a2261646d696e40676d61696c2e636f6d223b757365725f747970657c733a313a2231223b73657373696f6e5f69647c733a33323a22696c386e3968766c6f6873346b69716374317171716132386933756f636e6f64223b6c6f676765645f696e7c623a313b705469746c657c733a31323a2250617469656e74204c697374223b5f5f63695f766172737c613a313a7b733a363a22705469746c65223b733a333a226e6577223b7d, '0000-00-00'),
('imkahu1kvk0gc204i2r9mslh88hnotll', '::1', 1605883388, 0x5f5f63695f6c6173745f726567656e65726174657c693a313630353838333338383b6c6f675f69647c733a313a2231223b646f63746f725f69647c733a313a2231223b646f63746f725f6e616d657c733a383a22476c6f726961204b223b646f63746f725f706963747572657c733a35303a22687474703a2f2f6c6f63616c686f73742f636c696e697175652f6173736574732f696d616765732f646f63746f722e706e67223b656d61696c7c733a31353a2261646d696e40676d61696c2e636f6d223b757365725f747970657c733a313a2231223b73657373696f6e5f69647c733a33323a226f32746e336675633365656174756271726b68626a686b70376e30346b6b7068223b6c6f676765645f696e7c623a313b, '0000-00-00'),
('iqglo39m3k331f7uvlnv3dcbftmeemkb', '192.168.43.227', 1605439879, 0x5f5f63695f6c6173745f726567656e65726174657c693a313630353433393837393b6c6f675f69647c733a313a2231223b646f63746f725f69647c733a313a2231223b646f63746f725f6e616d657c733a383a22476c6f726961204b223b646f63746f725f706963747572657c733a35303a22687474703a2f2f6c6f63616c686f73742f636c696e697175652f6173736574732f696d616765732f646f63746f722e706e67223b656d61696c7c733a31353a2261646d696e40676d61696c2e636f6d223b757365725f747970657c733a313a2231223b73657373696f6e5f69647c733a33323a2266663131706f3171346e6d306876656f36646f336a677539346d683762737573223b6c6f676765645f696e7c623a313b, '0000-00-00'),
('juloptml9p5lhv88s25g00n14nmv44fi', '::1', 1606790965, 0x5f5f63695f6c6173745f726567656e65726174657c693a313630363739303936353b6c6f675f69647c733a313a2231223b646f63746f725f69647c733a313a2231223b646f63746f725f6e616d657c733a383a22476c6f726961204b223b646f63746f725f706963747572657c733a35303a22687474703a2f2f6c6f63616c686f73742f636c696e697175652f6173736574732f696d616765732f646f63746f722e706e67223b656d61696c7c733a31353a2261646d696e40676d61696c2e636f6d223b757365725f747970657c733a313a2231223b73657373696f6e5f69647c733a33323a226c33726335753262367232366531633273326f75687575366933747634663865223b6c6f676765645f696e7c623a313b6d6573736167657c733a32353a224c6162656c206164646564207375636365737366756c6c7921223b5f5f63695f766172737c613a313a7b733a373a226d657373616765223b733a333a226f6c64223b7d, '0000-00-00'),
('kjprbip4k96nol3fspug6cioqpvuco73', '::1', 1605440047, 0x5f5f63695f6c6173745f726567656e65726174657c693a313630353434303034373b6c6f675f69647c733a313a2231223b646f63746f725f69647c733a313a2231223b646f63746f725f6e616d657c733a383a22476c6f726961204b223b646f63746f725f706963747572657c733a35303a22687474703a2f2f6c6f63616c686f73742f636c696e697175652f6173736574732f696d616765732f646f63746f722e706e67223b656d61696c7c733a31353a2261646d696e40676d61696c2e636f6d223b757365725f747970657c733a313a2231223b73657373696f6e5f69647c733a33323a2275696e707671716f72646769346c396867636934397268343375626e6b6f6732223b6c6f676765645f696e7c623a313b, '0000-00-00'),
('krlf7qnajj1s2q6uccdanr4ncjru1hqi', '::1', 1606848343, 0x5f5f63695f6c6173745f726567656e65726174657c693a313630363834383334333b6c6f675f69647c733a313a2231223b646f63746f725f69647c733a313a2231223b646f63746f725f6e616d657c733a383a22476c6f726961204b223b646f63746f725f706963747572657c733a35303a22687474703a2f2f6c6f63616c686f73742f636c696e697175652f6173736574732f696d616765732f646f63746f722e706e67223b656d61696c7c733a31353a2261646d696e40676d61696c2e636f6d223b757365725f747970657c733a313a2231223b73657373696f6e5f69647c733a33323a226b726c6637716e616a6a317332713675636364616e72346e636a727531687169223b6c6f676765645f696e7c623a313b, '0000-00-00'),
('l3rc5u2b6r26e1c2s2ouhuu6i3tv4f8e', '::1', 1606788800, 0x5f5f63695f6c6173745f726567656e65726174657c693a313630363738383830303b6c6f675f69647c733a313a2231223b646f63746f725f69647c733a313a2231223b646f63746f725f6e616d657c733a383a22476c6f726961204b223b646f63746f725f706963747572657c733a35303a22687474703a2f2f6c6f63616c686f73742f636c696e697175652f6173736574732f696d616765732f646f63746f722e706e67223b656d61696c7c733a31353a2261646d696e40676d61696c2e636f6d223b757365725f747970657c733a313a2231223b73657373696f6e5f69647c733a33323a226c33726335753262367232366531633273326f75687575366933747634663865223b6c6f676765645f696e7c623a313b, '0000-00-00'),
('mog75lpo39sqmv4grq6cdc43kfqrhao7', '::1', 1606886559, 0x5f5f63695f6c6173745f726567656e65726174657c693a313630363838363535393b6c6f675f69647c733a313a2231223b646f63746f725f69647c733a313a2231223b646f63746f725f6e616d657c733a383a22476c6f726961204b223b646f63746f725f706963747572657c733a35303a22687474703a2f2f6c6f63616c686f73742f636c696e697175652f6173736574732f696d616765732f646f63746f722e706e67223b656d61696c7c733a31353a2261646d696e40676d61696c2e636f6d223b757365725f747970657c733a313a2231223b73657373696f6e5f69647c733a33323a2231726e336d7136687369636971646366397539303230366a726d3374396c6461223b6c6f676765645f696e7c623a313b6d6573736167657c733a32353a224c6162656c206164646564207375636365737366756c6c7921223b5f5f63695f766172737c613a313a7b733a373a226d657373616765223b733a333a226f6c64223b7d, '0000-00-00'),
('nsna1da6oot4kfbtgnu5g4mpe9ebk84j', '::1', 1605882520, 0x5f5f63695f6c6173745f726567656e65726174657c693a313630353838323532303b6c6f675f69647c733a313a2231223b646f63746f725f69647c733a313a2231223b646f63746f725f6e616d657c733a383a22476c6f726961204b223b646f63746f725f706963747572657c733a35303a22687474703a2f2f6c6f63616c686f73742f636c696e697175652f6173736574732f696d616765732f646f63746f722e706e67223b656d61696c7c733a31353a2261646d696e40676d61696c2e636f6d223b757365725f747970657c733a313a2231223b73657373696f6e5f69647c733a33323a226f32746e336675633365656174756271726b68626a686b70376e30346b6b7068223b6c6f676765645f696e7c623a313b657863657074696f6e7c733a31383a22457272657520646520636f6e6e6578696f6e223b5f5f63695f766172737c613a313a7b733a393a22657863657074696f6e223b733a333a226e6577223b7d, '0000-00-00'),
('o2tn3fuc3eeatubqrkhbjhkp7n04kkph', '::1', 1605878967, 0x5f5f63695f6c6173745f726567656e65726174657c693a313630353837383936373b6c6f675f69647c733a313a2231223b646f63746f725f69647c733a313a2231223b646f63746f725f6e616d657c733a383a22476c6f726961204b223b646f63746f725f706963747572657c733a35303a22687474703a2f2f6c6f63616c686f73742f636c696e697175652f6173736574732f696d616765732f646f63746f722e706e67223b656d61696c7c733a31353a2261646d696e40676d61696c2e636f6d223b757365725f747970657c733a313a2231223b73657373696f6e5f69647c733a33323a226f32746e336675633365656174756271726b68626a686b70376e30346b6b7068223b6c6f676765645f696e7c623a313b, '0000-00-00'),
('p80qphoj8hgcdhqd5qd4bca9t0o5k06u', '::1', 1606888011, 0x5f5f63695f6c6173745f726567656e65726174657c693a313630363838383031313b6c6f675f69647c733a313a2231223b646f63746f725f69647c733a313a2231223b646f63746f725f6e616d657c733a383a22476c6f726961204b223b646f63746f725f706963747572657c733a35303a22687474703a2f2f6c6f63616c686f73742f636c696e697175652f6173736574732f696d616765732f646f63746f722e706e67223b656d61696c7c733a31353a2261646d696e40676d61696c2e636f6d223b757365725f747970657c733a313a2231223b73657373696f6e5f69647c733a33323a2231726e336d7136687369636971646366397539303230366a726d3374396c6461223b6c6f676765645f696e7c623a313b6d6573736167657c733a32353a224c6162656c206164646564207375636365737366756c6c7921223b5f5f63695f766172737c613a313a7b733a373a226d657373616765223b733a333a226f6c64223b7d, '0000-00-00'),
('pbfmpvip6u3nktruk5us8db5sutmnu3e', '::1', 1606741895, 0x5f5f63695f6c6173745f726567656e65726174657c693a313630363734313839353b6c6f675f69647c733a313a2231223b646f63746f725f69647c733a313a2231223b646f63746f725f6e616d657c733a383a22476c6f726961204b223b646f63746f725f706963747572657c733a35303a22687474703a2f2f6c6f63616c686f73742f636c696e697175652f6173736574732f696d616765732f646f63746f722e706e67223b656d61696c7c733a31353a2261646d696e40676d61696c2e636f6d223b757365725f747970657c733a313a2231223b73657373696f6e5f69647c733a33323a227062666d707669703675336e6b7472756b357573386462357375746d6e753365223b6c6f676765645f696e7c623a313b, '0000-00-00'),
('rack49fcg5d18jljnhqugk0rp6on059r', '::1', 1605433084, 0x5f5f63695f6c6173745f726567656e65726174657c693a313630353433333038343b6c6f675f69647c733a313a2231223b646f63746f725f69647c733a313a2231223b646f63746f725f6e616d657c733a383a224a686f6e20446576223b646f63746f725f706963747572657c733a36333a22687474703a2f2f6c6f63616c686f73742f6264632f636c696e69636b2f2e2f6173736574732f75706c6f6164732f646f63746f722f6170706f696e2e6a7067223b656d61696c7c733a31353a2261646d696e40676d61696c2e636f6d223b757365725f747970657c733a313a2231223b73657373696f6e5f69647c733a33323a22696c386e3968766c6f6873346b69716374317171716132386933756f636e6f64223b6c6f676765645f696e7c623a313b705469746c657c733a31323a2250617469656e74204c697374223b5f5f63695f766172737c613a313a7b733a363a22705469746c65223b733a333a226f6c64223b7d, '0000-00-00'),
('rsk54ei2b5ngvibbv5j18ngduqcgt4b7', '::1', 1605882193, 0x5f5f63695f6c6173745f726567656e65726174657c693a313630353838323139333b6c6f675f69647c733a313a2231223b646f63746f725f69647c733a313a2231223b646f63746f725f6e616d657c733a383a22476c6f726961204b223b646f63746f725f706963747572657c733a35303a22687474703a2f2f6c6f63616c686f73742f636c696e697175652f6173736574732f696d616765732f646f63746f722e706e67223b656d61696c7c733a31353a2261646d696e40676d61696c2e636f6d223b757365725f747970657c733a313a2231223b73657373696f6e5f69647c733a33323a226f32746e336675633365656174756271726b68626a686b70376e30346b6b7068223b6c6f676765645f696e7c623a313b, '0000-00-00'),
('s1sc9ccanj51sgid8h4m4e2dst9fn6ol', '::1', 1605884393, 0x5f5f63695f6c6173745f726567656e65726174657c693a313630353838343339333b6c6f675f69647c733a313a2231223b646f63746f725f69647c733a313a2231223b646f63746f725f6e616d657c733a383a22476c6f726961204b223b646f63746f725f706963747572657c733a35303a22687474703a2f2f6c6f63616c686f73742f636c696e697175652f6173736574732f696d616765732f646f63746f722e706e67223b656d61696c7c733a31353a2261646d696e40676d61696c2e636f6d223b757365725f747970657c733a313a2231223b73657373696f6e5f69647c733a33323a226f32746e336675633365656174756271726b68626a686b70376e30346b6b7068223b6c6f676765645f696e7c623a313b705469746c657c733a31323a2250617469656e74204c697374223b5f5f63695f766172737c613a313a7b733a363a22705469746c65223b733a333a226e6577223b7d, '0000-00-00'),
('s30nh220it4m75f764k5gqrd2qu34kjq', '::1', 1606848854, 0x5f5f63695f6c6173745f726567656e65726174657c693a313630363834383835343b6c6f675f69647c733a313a2231223b646f63746f725f69647c733a313a2231223b646f63746f725f6e616d657c733a383a22476c6f726961204b223b646f63746f725f706963747572657c733a35303a22687474703a2f2f6c6f63616c686f73742f636c696e697175652f6173736574732f696d616765732f646f63746f722e706e67223b656d61696c7c733a31353a2261646d696e40676d61696c2e636f6d223b757365725f747970657c733a313a2231223b73657373696f6e5f69647c733a33323a226b726c6637716e616a6a317332713675636364616e72346e636a727531687169223b6c6f676765645f696e7c623a313b, '0000-00-00'),
('sve7vv7d8rb3mrgd1cv7taqhhjei5bi4', '192.168.43.227', 1605437090, 0x5f5f63695f6c6173745f726567656e65726174657c693a313630353433373039303b6c6f675f69647c733a313a2231223b646f63746f725f69647c733a313a2231223b646f63746f725f6e616d657c733a383a22476c6f726961204b223b646f63746f725f706963747572657c733a35303a22687474703a2f2f6c6f63616c686f73742f636c696e697175652f6173736574732f696d616765732f646f63746f722e706e67223b656d61696c7c733a31353a2261646d696e40676d61696c2e636f6d223b757365725f747970657c733a313a2231223b73657373696f6e5f69647c733a33323a2266663131706f3171346e6d306876656f36646f336a677539346d683762737573223b6c6f676765645f696e7c623a313b, '0000-00-00'),
('tesps59b2gjtg9bu0mqhjva9fg3vs0r4', '::1', 1605435454, 0x5f5f63695f6c6173745f726567656e65726174657c693a313630353433353435343b6c6f675f69647c733a313a2231223b646f63746f725f69647c733a313a2231223b646f63746f725f6e616d657c733a383a22476c6f726961204b223b646f63746f725f706963747572657c733a36303a22687474703a2f2f6c6f63616c686f73742f636c696e697175652f2e2f6173736574732f75706c6f6164732f646f63746f722f6170706f696e2e6a7067223b656d61696c7c733a31353a2261646d696e40676d61696c2e636f6d223b757365725f747970657c733a313a2231223b73657373696f6e5f69647c733a33323a22746573707335396232676a7467396275306d71686a7661396667337673307234223b6c6f676765645f696e7c623a313b, '0000-00-00'),
('tpcrspua9a8oaibfattvvf1anoab7jav', '::1', 1605433472, 0x5f5f63695f6c6173745f726567656e65726174657c693a313630353433333437323b6c6f675f69647c733a313a2231223b646f63746f725f69647c733a313a2231223b646f63746f725f6e616d657c733a383a224a686f6e20446576223b646f63746f725f706963747572657c733a36333a22687474703a2f2f6c6f63616c686f73742f6264632f636c696e69636b2f2e2f6173736574732f75706c6f6164732f646f63746f722f6170706f696e2e6a7067223b656d61696c7c733a31353a2261646d696e40676d61696c2e636f6d223b757365725f747970657c733a313a2231223b73657373696f6e5f69647c733a33323a22696c386e3968766c6f6873346b69716374317171716132386933756f636e6f64223b6c6f676765645f696e7c623a313b, '0000-00-00'),
('uinpvqqordgi4l9hgci49rh43ubnkog2', '::1', 1605436072, 0x5f5f63695f6c6173745f726567656e65726174657c693a313630353433363037323b6c6f675f69647c733a313a2231223b646f63746f725f69647c733a313a2231223b646f63746f725f6e616d657c733a383a22476c6f726961204b223b646f63746f725f706963747572657c733a35303a22687474703a2f2f6c6f63616c686f73742f636c696e697175652f6173736574732f696d616765732f646f63746f722e706e67223b656d61696c7c733a31353a2261646d696e40676d61696c2e636f6d223b757365725f747970657c733a313a2231223b73657373696f6e5f69647c733a33323a2275696e707671716f72646769346c396867636934397268343375626e6b6f6732223b6c6f676765645f696e7c623a313b, '0000-00-00'),
('vk5ajjvapng6mlo0ana0ja69ejgqektm', '::1', 1607017098, 0x5f5f63695f6c6173745f726567656e65726174657c693a313630373031373039383b6c6f675f69647c733a313a2231223b646f63746f725f69647c733a313a2231223b646f63746f725f6e616d657c733a383a22476c6f726961204b223b646f63746f725f706963747572657c733a35303a22687474703a2f2f6c6f63616c686f73742f636c696e697175652f6173736574732f696d616765732f646f63746f722e706e67223b656d61696c7c733a31353a2261646d696e40676d61696c2e636f6d223b757365725f747970657c733a313a2231223b73657373696f6e5f69647c733a33323a226669707136356b7137666d6634666a70666774386639336d35716e6766626632223b6c6f676765645f696e7c623a313b, '0000-00-00');

-- --------------------------------------------------------

--
-- Structure de la table `classification`
--

CREATE TABLE `classification` (
  `classific_id` int(11) NOT NULL,
  `classification` text,
  `cat_id` int(11) DEFAULT NULL,
  `lang_id` int(11) DEFAULT NULL
) ENGINE=InnoDB DEFAULT CHARSET=utf8;

--
-- Déchargement des données de la table `classification`
--

INSERT INTO `classification` (`classific_id`, `classification`, `cat_id`, `lang_id`) VALUES
(1, 'Classification One', 1, 1),
(2, 'Classification Two', 2, 2),
(3, 'Classification 5', 3, 2);

-- --------------------------------------------------------

--
-- Structure de la table `custom_sms_info`
--

CREATE TABLE `custom_sms_info` (
  `custom_sms_id` int(11) NOT NULL,
  `reciver` varchar(100) NOT NULL,
  `gateway` text NOT NULL,
  `message` text NOT NULL,
  `sms_date_time` datetime NOT NULL
) ENGINE=InnoDB DEFAULT CHARSET=utf8;

--
-- Déchargement des données de la table `custom_sms_info`
--

INSERT INTO `custom_sms_info` (`custom_sms_id`, `reciver`, `gateway`, `message`, `sms_date_time`) VALUES
(0, '534535345345', 'nexmo', 'ssss', '0000-00-00 00:00:00'),
(0, '35235345', 'nexmo', 'ssss', '0000-00-00 00:00:00'),
(0, '098765432', 'nexmo', 'ssss', '0000-00-00 00:00:00');

-- --------------------------------------------------------

--
-- Structure de la table `disease`
--

CREATE TABLE `disease` (
  `md_id` int(11) NOT NULL,
  `ms_id` int(11) DEFAULT NULL,
  `disease_name` text,
  `lang_id` int(11) DEFAULT NULL
) ENGINE=InnoDB DEFAULT CHARSET=utf8;

--
-- Déchargement des données de la table `disease`
--

INSERT INTO `disease` (`md_id`, `ms_id`, `disease_name`, `lang_id`) VALUES
(1, 1, 'Disease One', 1),
(2, 2, 'Disease Two', 2),
(15, 6, 'æœˆç»ç—…', 3),
(16, 6, 'å¸¦ä¸‹ç—…', 3),
(17, 6, 'å¦Šå¨ ç—…', 3),
(18, 6, 'ä¸´äº§ç—…', 3),
(19, 7, 'æ–°ç”Ÿå„¿ç–¾ç—…', 3),
(20, 7, 'è‚¾ç³»ç–¾ç—…', 3),
(21, 7, 'ä¼ æŸ“ç—…', 3),
(22, 7, 'å¯„ç”Ÿè™«ç—…', 3),
(23, 4, 'Hear Deasease', 2),
(24, 4, 'Head Deases', 2),
(25, 5, 'Nose Deases', 2);

-- --------------------------------------------------------

--
-- Structure de la table `doctor_details`
--

CREATE TABLE `doctor_details` (
  `doctor_details_id` int(11) UNSIGNED NOT NULL,
  `doctor_id` int(11) NOT NULL,
  `doctor_short_bio` text,
  `doctor_details_bio` text,
  `academic_info` text,
  `work_experience` text
) ENGINE=InnoDB DEFAULT CHARSET=utf8;

-- --------------------------------------------------------

--
-- Structure de la table `doctor_tbl`
--

CREATE TABLE `doctor_tbl` (
  `doctor_id` int(11) UNSIGNED NOT NULL,
  `log_id` int(11) NOT NULL,
  `doctor_name` varchar(120) NOT NULL,
  `department` text NOT NULL,
  `designation` varchar(120) NOT NULL,
  `degrees` text NOT NULL,
  `specialist` varchar(250) NOT NULL,
  `doctor_exp` text,
  `birth_date` date NOT NULL,
  `sex` varchar(50) NOT NULL,
  `blood_group` varchar(50) NOT NULL,
  `doctor_phone` varchar(15) DEFAULT NULL,
  `address` varchar(255) NOT NULL,
  `service_place` text,
  `about_me` text,
  `picture` varchar(100) DEFAULT NULL,
  `doctor_status` int(11) NOT NULL DEFAULT '1'
) ENGINE=InnoDB DEFAULT CHARSET=utf8;

--
-- Déchargement des données de la table `doctor_tbl`
--

INSERT INTO `doctor_tbl` (`doctor_id`, `log_id`, `doctor_name`, `department`, `designation`, `degrees`, `specialist`, `doctor_exp`, `birth_date`, `sex`, `blood_group`, `doctor_phone`, `address`, `service_place`, `about_me`, `picture`, `doctor_status`) VALUES
(1, 1, 'Gloria K', 'available', 'There are many variations of passages of Lorem Ipsum available', 'There are many variations of passages of Lorem Ipsum available', 'There are many variations of passages of Lorem Ipsum available', 'There are many variations of passages of Lorem Ipsum available', '2017-06-10', 'Female', 'A+', '01751194212', '                                                                                                                                    There are many variations of passages of Lorem Ipsum available                                                             ', 'There are many variations of passages of Lorem Ipsum available', '                                                                                                                                                <p>There are many variations of passages of Lorem Ipsum available, but the \r\nmajority have suffered alteration in some form, by injected humour, or \r\nrandomised words which don\'t look even slightly believable. If you are \r\ngoing to use a passage of Lorem Ipsum, you need to be sure there isn\'t \r\nanything embarrassing hidden in the middle of text. All the Lorem Ipsum \r\ngenerators on the Internet tend to repeat predefined chunks as \r\nnecessary, <br></p>                                                                                                                           ', 'http://localhost/clinique/assets/images/doctor.png', 1),
(5, 14, 'Johan', 'CSE', 'MBBS', 'FCPS', 'Nose', '5 Years Experience', '1998-11-09', 'Male', 'A+', '452345435235', '98 Green Road, Farmgate, Dhaka-1215', 'Dhaka Medical College', 'I am a Professional Doctor', 'http://clinic365.bdtask.com/./assets/uploads/doctor/tanzil.jpg', 1);

-- --------------------------------------------------------

--
-- Structure de la table `email_config`
--

CREATE TABLE `email_config` (
  `email_config_id` int(11) NOT NULL,
  `at_appointment` int(11) NOT NULL,
  `at_registration` int(11) NOT NULL,
  `reminder` int(11) NOT NULL,
  `protocol` text NOT NULL,
  `mailpath` text NOT NULL,
  `mailtype` text NOT NULL,
  `sender` text NOT NULL,
  `status` int(11) NOT NULL DEFAULT '1'
) ENGINE=InnoDB DEFAULT CHARSET=utf8;

--
-- Déchargement des données de la table `email_config`
--

INSERT INTO `email_config` (`email_config_id`, `at_appointment`, `at_registration`, `reminder`, `protocol`, `mailpath`, `mailtype`, `sender`, `status`) VALUES
(1, 1, 1, 0, 'sendmail', '/usr/sbin/sendmail', 'html', 'doctorss@gmail.com', 1);

-- --------------------------------------------------------

--
-- Structure de la table `email_delivery`
--

CREATE TABLE `email_delivery` (
  `email_delivery_id` int(11) NOT NULL,
  `email_ss_id` int(11) DEFAULT NULL,
  `reciver_email` varchar(120) NOT NULL,
  `delivery_date_time` datetime NOT NULL,
  `email_info_id` int(11) DEFAULT NULL,
  `message` longtext
) ENGINE=InnoDB DEFAULT CHARSET=utf8;

--
-- Déchargement des données de la table `email_delivery`
--

INSERT INTO `email_delivery` (`email_delivery_id`, `email_ss_id`, `reciver_email`, `delivery_date_time`, `email_info_id`, `message`) VALUES
(1, NULL, 'hena@gmail.com', '2017-11-20 09:33:17', NULL, '\r\n \r\n  \r\n    <meta http-equiv=\"Content-Type\" content=\"text/html; charset=UTF-8\">\r\n   <meta name=\"viewport\" content=\"width=device-width, initial-scale=1.0\">\r\n    <title>Doctoress</title>\r\n\r\n    <style type=\"text/css\">\r\n\r\n\r\n     @media only screen and (max-width: 680px){\r\n        body{width:100% !important; min-width:100% !important;} \r\n        \r\n        table[id=\"emailBody\"],\r\n        table[class=\"flexibleContainer\"],\r\n       td[class=\"flexibleContainerCell\"] {width:100% !important;}\r\n        td[class=\"flexibleContainerBox\"], td[class=\"flexibleContainerBox\"] table {display: block;width: 100%;text-align: left;}\r\n       table[class=\"flexibleContainerBoxNext\"]{padding-top: 10px !important;}\r\n  \r\n      }\r\n   </style>\r\n\r\n\r\n  \r\n\r\n\r\n  \r\n\r\n    <center style=\"background-color:#E1E1E1;\">\r\n      <table id=\"bodyTable\" style=\"table-layout: fixed;max-width:100% !important;width: 100% !important;min-width: 100% !important;\" width=\"100%\" height=\"100%\" border=\"0\" cellpadding=\"0\" cellspacing=\"0\">\r\n       <tbody><tr>\r\n         <td valign=\"top\" align=\"center\">\r\n\r\n\r\n            <table id=\"emailBody\" width=\"700\" bgcolor=\"#FFFFFF\" border=\"0\" cellpadding=\"0\" cellspacing=\"0\">\r\n\r\n             <tbody><tr>\r\n               <td valign=\"top\" align=\"center\">\r\n\r\n                  <table style=\"color:#FFFFFF;\" width=\"100%\" bgcolor=\"#3498db\" border=\"0\" cellpadding=\"0\" cellspacing=\"0\">\r\n                    <tbody><tr>\r\n                     <td valign=\"top\" align=\"center\">\r\n\r\n                        <table class=\"flexibleContainer\" width=\"700\" border=\"0\" cellpadding=\"0\" cellspacing=\"0\">\r\n                          <tbody><tr>\r\n                           <td class=\"flexibleContainerCell\" valign=\"top\" width=\"700\" align=\"center\">\r\n\r\n                            \r\n                              <table width=\"100%\" border=\"0\" cellpadding=\"30\" cellspacing=\"0\">\r\n                                <tbody><tr>\r\n                                 <td class=\"textContent\" valign=\"top\" align=\"center\">\r\n                                    <h1 style=\"color:#FFFFFF;line-height:100%;font-family:Helvetica,Arial,sans-serif;font-size:35px;font-weight:normal;margin-bottom:5px;text-align:center;\">\r\n                                   Hi! hena</h1>\r\n                                   <h2 style=\"text-align:center;font-weight:normal;font-family:Helvetica,Arial,sans-serif;font-size:23px;margin-bottom:10px;color:#205478;line-height:135%;\">\r\n                                    Your Appointment Information</h2>\r\n                                 </td>\r\n                               </tr>\r\n                             </tbody></table>\r\n\r\n                            </td>\r\n                         </tr>\r\n                       </tbody></table>\r\n                        \r\n                      </td>\r\n                   </tr>\r\n                 </tbody></table>\r\n                </td>\r\n             </tr>\r\n\r\n\r\n             <tr>\r\n                <td valign=\"top\" align=\"center\">\r\n\r\n                  <table style=\"color:#FFFFFF;\" width=\"100%\" bgcolor=\"#3498db\" border=\"0\" cellpadding=\"0\" cellspacing=\"0\">\r\n                    <tbody><tr>\r\n                     <td valign=\"top\" align=\"center\">\r\n\r\n                        <table class=\"flexibleContainer\" width=\"700\" border=\"0\" cellpadding=\"0\" cellspacing=\"0\">\r\n                          <tbody><tr>\r\n                           <td class=\"flexibleContainerCell\" valign=\"top\" width=\"700\" align=\"center\">\r\n\r\n                            \r\n                              <table width=\"100%\" border=\"0\" cellpadding=\"30\" cellspacing=\"0\">\r\n                                <tbody><tr>\r\n                                 <td class=\"textContent\" valign=\"top\" align=\"center\">\r\n                                    <p style=\"text-align:left;font-family:Helvetica,Arial,sans-serif;font-size:15px;margin-bottom:0;color:#fff;line-height:135%;\">\r\n                                      Thnks for your appointment request to Jhon Dev .\r\n                                     This is an automatic system generated email as with na\r\n                                      appointment.\r\n                                      Your appointment details as below...\r\n                                    </p>\r\n                                  </td>\r\n                               </tr>\r\n                             </tbody></table>\r\n\r\n                            </td>\r\n                         </tr>\r\n                       </tbody></table>\r\n                        \r\n                      </td>\r\n                   </tr>\r\n                 </tbody></table>\r\n                </td>\r\n             </tr>\r\n         \r\n              <tr>\r\n                <td valign=\"top\" align=\"center\">\r\n                  <table width=\"100%\" border=\"0\" cellpadding=\"0\" cellspacing=\"0\">\r\n                   <tbody><tr>\r\n                     <td valign=\"top\" align=\"center\">\r\n                        <table class=\"flexibleContainer\" width=\"700\" border=\"0\" cellpadding=\"30\" cellspacing=\"0\">\r\n                         <tbody><tr>\r\n                           <td class=\"flexibleContainerCell\" valign=\"top\" width=\"700\">\r\n\r\n                             <table width=\"100%\" align=\"left\" border=\"0\" cellpadding=\"0\" cellspacing=\"0\">\r\n                                <tbody><tr>\r\n                                 <td class=\"flexibleContainerBox\" valign=\"middle\" align=\"left\">\r\n                                    <table class=\"flexibleContainerBoxNext\" style=\"max-width: 100%;\" width=\"700\" border=\"0\" cellpadding=\"0\" cellspacing=\"0\">\r\n                                      <tbody><tr>\r\n                                       <td style=\"margin-left: 1em;\">\r\n                                          <h3 style=\"color:#5F5F5F;line-height:125%;font-family:Helvetica,Arial,sans-serif;font-size:20px;font-weight:normal;margin-top:0;margin-bottom:3px;text-align:left;\">\r\n                                            Your name : hena</h3>\r\n                                         <div style=\"text-align:left;font-family:Helvetica,Arial,sans-serif;font-size:15px;margin-bottom:0;color:#5F5F5F;line-height:135%;\">\r\n                                            Your ID : P17K8JD, </div>\r\n                                         <div style=\"text-align:left;font-family:Helvetica,Arial,sans-serif;font-size:15px;margin-bottom:0;color:#5F5F5F;line-height:135%;\">\r\n                                            Appointment ID : A17JR0IC, </div>\r\n                                          <div style=\"text-align:left;font-family:Helvetica,Arial,sans-serif;font-size:15px;margin-bottom:0;color:#5F5F5F;line-height:135%;\">\r\n                                            Serial : 02:05 AM </div>\r\n                                         <div style=\"text-align:left;font-family:Helvetica,Arial,sans-serif;font-size:15px;margin-bottom:0;color:#5F5F5F;line-height:135%;\">\r\n                                            and Appointment Date : 20 November 2017. \r\n                                          </div>\r\n                                        </td>\r\n                                     </tr>\r\n                                   </tbody></table>\r\n                                  </td>\r\n                               </tr>\r\n                             </tbody></table>\r\n                            </td>\r\n                         </tr>\r\n                       </tbody></table>\r\n                      </td>\r\n                   </tr>\r\n                 </tbody></table>\r\n                </td>\r\n             </tr>\r\n\r\n\r\n             <tr>\r\n                <td valign=\"top\" align=\"center\">\r\n\r\n                  <table style=\"color:#FFFFFF;\" width=\"100%\" bgcolor=\"#3498db\" border=\"0\" cellpadding=\"0\" cellspacing=\"0\">\r\n                    <tbody><tr>\r\n                     <td valign=\"top\" align=\"center\">\r\n\r\n                        <table class=\"flexibleContainer\" width=\"700\" border=\"0\" cellpadding=\"0\" cellspacing=\"0\">\r\n                          <tbody><tr>\r\n                           <td class=\"flexibleContainerCell\" valign=\"top\" width=\"700\" align=\"center\">\r\n\r\n                            \r\n                              <table width=\"100%\" border=\"0\" cellpadding=\"30\" cellspacing=\"0\">\r\n                                <tbody><tr>\r\n                                 <td class=\"textContent\" valign=\"top\" align=\"center\">\r\n                                    \r\n                                    <div style=\"text-align:center;font-family:Helvetica,Arial,sans-serif;font-size:15px;margin-bottom:0;color:#FFFFFF;line-height:135%;\">\r\n                                      Thank you for the Appointment\r\n                                    </div>\r\n                                  </td>\r\n                               </tr>\r\n                             </tbody></table>\r\n\r\n                            </td>\r\n                         </tr>\r\n                       </tbody></table>\r\n                        \r\n                      </td>\r\n                   </tr>\r\n                 </tbody></table>\r\n                </td>\r\n             </tr>\r\n\r\n         \r\n        \r\n      </tbody></table>\r\n    \r\n  \r\n\r\n</td></tr></tbody></table></center>'),
(2, NULL, 'doctor@gmail.com', '2017-11-21 04:57:19', NULL, '\r\n \r\n  \r\n    <meta http-equiv=\"Content-Type\" content=\"text/html; charset=UTF-8\">\r\n   <meta name=\"viewport\" content=\"width=device-width, initial-scale=1.0\">\r\n    <title>Doctoress</title>\r\n\r\n    <style type=\"text/css\">\r\n\r\n\r\n     @media only screen and (max-width: 680px){\r\n        body{width:100% !important; min-width:100% !important;} \r\n        \r\n        table[id=\"emailBody\"],\r\n        table[class=\"flexibleContainer\"],\r\n       td[class=\"flexibleContainerCell\"] {width:100% !important;}\r\n        td[class=\"flexibleContainerBox\"], td[class=\"flexibleContainerBox\"] table {display: block;width: 100%;text-align: left;}\r\n       table[class=\"flexibleContainerBoxNext\"]{padding-top: 10px !important;}\r\n  \r\n      }\r\n   </style>\r\n\r\n\r\n  \r\n\r\n\r\n  \r\n\r\n    <center style=\"background-color:#E1E1E1;\">\r\n      <table id=\"bodyTable\" style=\"table-layout: fixed;max-width:100% !important;width: 100% !important;min-width: 100% !important;\" width=\"100%\" height=\"100%\" border=\"0\" cellpadding=\"0\" cellspacing=\"0\">\r\n       <tbody><tr>\r\n         <td valign=\"top\" align=\"center\">\r\n\r\n\r\n            <table id=\"emailBody\" width=\"700\" bgcolor=\"#FFFFFF\" border=\"0\" cellpadding=\"0\" cellspacing=\"0\">\r\n\r\n             <tbody><tr>\r\n               <td valign=\"top\" align=\"center\">\r\n\r\n                  <table style=\"color:#FFFFFF;\" width=\"100%\" bgcolor=\"#3498db\" border=\"0\" cellpadding=\"0\" cellspacing=\"0\">\r\n                    <tbody><tr>\r\n                     <td valign=\"top\" align=\"center\">\r\n\r\n                        <table class=\"flexibleContainer\" width=\"700\" border=\"0\" cellpadding=\"0\" cellspacing=\"0\">\r\n                          <tbody><tr>\r\n                           <td class=\"flexibleContainerCell\" valign=\"top\" width=\"700\" align=\"center\">\r\n\r\n                            \r\n                              <table width=\"100%\" border=\"0\" cellpadding=\"30\" cellspacing=\"0\">\r\n                                <tbody><tr>\r\n                                 <td class=\"textContent\" valign=\"top\" align=\"center\">\r\n                                    <h1 style=\"color:#FFFFFF;line-height:100%;font-family:Helvetica,Arial,sans-serif;font-size:35px;font-weight:normal;margin-bottom:5px;text-align:center;\">\r\n                                   Hi! fsdf</h1>\r\n                                   <h2 style=\"text-align:center;font-weight:normal;font-family:Helvetica,Arial,sans-serif;font-size:23px;margin-bottom:10px;color:#205478;line-height:135%;\">\r\n                                    Your Appointment Information</h2>\r\n                                 </td>\r\n                               </tr>\r\n                             </tbody></table>\r\n\r\n                            </td>\r\n                         </tr>\r\n                       </tbody></table>\r\n                        \r\n                      </td>\r\n                   </tr>\r\n                 </tbody></table>\r\n                </td>\r\n             </tr>\r\n\r\n\r\n             <tr>\r\n                <td valign=\"top\" align=\"center\">\r\n\r\n                  <table style=\"color:#FFFFFF;\" width=\"100%\" bgcolor=\"#3498db\" border=\"0\" cellpadding=\"0\" cellspacing=\"0\">\r\n                    <tbody><tr>\r\n                     <td valign=\"top\" align=\"center\">\r\n\r\n                        <table class=\"flexibleContainer\" width=\"700\" border=\"0\" cellpadding=\"0\" cellspacing=\"0\">\r\n                          <tbody><tr>\r\n                           <td class=\"flexibleContainerCell\" valign=\"top\" width=\"700\" align=\"center\">\r\n\r\n                            \r\n                              <table width=\"100%\" border=\"0\" cellpadding=\"30\" cellspacing=\"0\">\r\n                                <tbody><tr>\r\n                                 <td class=\"textContent\" valign=\"top\" align=\"center\">\r\n                                    <p style=\"text-align:left;font-family:Helvetica,Arial,sans-serif;font-size:15px;margin-bottom:0;color:#fff;line-height:135%;\">\r\n                                      Thnks for your appointment request to Johan .\r\n                                     This is an automatic system generated email as with na\r\n                                      appointment.\r\n                                      Your appointment details as below...\r\n                                    </p>\r\n                                  </td>\r\n                               </tr>\r\n                             </tbody></table>\r\n\r\n                            </td>\r\n                         </tr>\r\n                       </tbody></table>\r\n                        \r\n                      </td>\r\n                   </tr>\r\n                 </tbody></table>\r\n                </td>\r\n             </tr>\r\n         \r\n              <tr>\r\n                <td valign=\"top\" align=\"center\">\r\n                  <table width=\"100%\" border=\"0\" cellpadding=\"0\" cellspacing=\"0\">\r\n                   <tbody><tr>\r\n                     <td valign=\"top\" align=\"center\">\r\n                        <table class=\"flexibleContainer\" width=\"700\" border=\"0\" cellpadding=\"30\" cellspacing=\"0\">\r\n                         <tbody><tr>\r\n                           <td class=\"flexibleContainerCell\" valign=\"top\" width=\"700\">\r\n\r\n                             <table width=\"100%\" align=\"left\" border=\"0\" cellpadding=\"0\" cellspacing=\"0\">\r\n                                <tbody><tr>\r\n                                 <td class=\"flexibleContainerBox\" valign=\"middle\" align=\"left\">\r\n                                    <table class=\"flexibleContainerBoxNext\" style=\"max-width: 100%;\" width=\"700\" border=\"0\" cellpadding=\"0\" cellspacing=\"0\">\r\n                                      <tbody><tr>\r\n                                       <td style=\"margin-left: 1em;\">\r\n                                          <h3 style=\"color:#5F5F5F;line-height:125%;font-family:Helvetica,Arial,sans-serif;font-size:20px;font-weight:normal;margin-top:0;margin-bottom:3px;text-align:left;\">\r\n                                            Your name : fsdf</h3>\r\n                                         <div style=\"text-align:left;font-family:Helvetica,Arial,sans-serif;font-size:15px;margin-bottom:0;color:#5F5F5F;line-height:135%;\">\r\n                                            Your ID : P17YVT8, </div>\r\n                                         <div style=\"text-align:left;font-family:Helvetica,Arial,sans-serif;font-size:15px;margin-bottom:0;color:#5F5F5F;line-height:135%;\">\r\n                                            Appointment ID : A17R72WB, </div>\r\n                                          <div style=\"text-align:left;font-family:Helvetica,Arial,sans-serif;font-size:15px;margin-bottom:0;color:#5F5F5F;line-height:135%;\">\r\n                                            Serial : 02:00 AM </div>\r\n                                         <div style=\"text-align:left;font-family:Helvetica,Arial,sans-serif;font-size:15px;margin-bottom:0;color:#5F5F5F;line-height:135%;\">\r\n                                            and Appointment Date : 21 November 2017. \r\n                                          </div>\r\n                                        </td>\r\n                                     </tr>\r\n                                   </tbody></table>\r\n                                  </td>\r\n                               </tr>\r\n                             </tbody></table>\r\n                            </td>\r\n                         </tr>\r\n                       </tbody></table>\r\n                      </td>\r\n                   </tr>\r\n                 </tbody></table>\r\n                </td>\r\n             </tr>\r\n\r\n\r\n             <tr>\r\n                <td valign=\"top\" align=\"center\">\r\n\r\n                  <table style=\"color:#FFFFFF;\" width=\"100%\" bgcolor=\"#3498db\" border=\"0\" cellpadding=\"0\" cellspacing=\"0\">\r\n                    <tbody><tr>\r\n                     <td valign=\"top\" align=\"center\">\r\n\r\n                        <table class=\"flexibleContainer\" width=\"700\" border=\"0\" cellpadding=\"0\" cellspacing=\"0\">\r\n                          <tbody><tr>\r\n                           <td class=\"flexibleContainerCell\" valign=\"top\" width=\"700\" align=\"center\">\r\n\r\n                            \r\n                              <table width=\"100%\" border=\"0\" cellpadding=\"30\" cellspacing=\"0\">\r\n                                <tbody><tr>\r\n                                 <td class=\"textContent\" valign=\"top\" align=\"center\">\r\n                                    \r\n                                    <div style=\"text-align:center;font-family:Helvetica,Arial,sans-serif;font-size:15px;margin-bottom:0;color:#FFFFFF;line-height:135%;\">\r\n                                      Thank you for the Appointment\r\n                                    </div>\r\n                                  </td>\r\n                               </tr>\r\n                             </tbody></table>\r\n\r\n                            </td>\r\n                         </tr>\r\n                       </tbody></table>\r\n                        \r\n                      </td>\r\n                   </tr>\r\n                 </tbody></table>\r\n                </td>\r\n             </tr>\r\n\r\n         \r\n        \r\n      </tbody></table>\r\n    \r\n  \r\n\r\n</td></tr></tbody></table></center>'),
(3, NULL, 'GLORIA@GMAIL.COM', '2020-12-03 11:42:03', NULL, '\r\n \r\n  \r\n    <meta http-equiv=\"Content-Type\" content=\"text/html; charset=UTF-8\">\r\n   <meta name=\"viewport\" content=\"width=device-width, initial-scale=1.0\">\r\n    <title>Doctoress</title>\r\n\r\n    <style type=\"text/css\">\r\n\r\n\r\n     @media only screen and (max-width: 680px){\r\n        body{width:100% !important; min-width:100% !important;} \r\n        \r\n        table[id=\"emailBody\"],\r\n        table[class=\"flexibleContainer\"],\r\n       td[class=\"flexibleContainerCell\"] {width:100% !important;}\r\n        td[class=\"flexibleContainerBox\"], td[class=\"flexibleContainerBox\"] table {display: block;width: 100%;text-align: left;}\r\n       table[class=\"flexibleContainerBoxNext\"]{padding-top: 10px !important;}\r\n  \r\n      }\r\n   </style>\r\n\r\n\r\n  \r\n\r\n\r\n  \r\n\r\n    <center style=\"background-color:#E1E1E1;\">\r\n      <table id=\"bodyTable\" style=\"table-layout: fixed;max-width:100% !important;width: 100% !important;min-width: 100% !important;\" width=\"100%\" height=\"100%\" border=\"0\" cellpadding=\"0\" cellspacing=\"0\">\r\n       <tbody><tr>\r\n         <td valign=\"top\" align=\"center\">\r\n\r\n\r\n            <table id=\"emailBody\" width=\"700\" bgcolor=\"#FFFFFF\" border=\"0\" cellpadding=\"0\" cellspacing=\"0\">\r\n\r\n             <tbody><tr>\r\n               <td valign=\"top\" align=\"center\">\r\n\r\n                  <table style=\"color:#FFFFFF;\" width=\"100%\" bgcolor=\"#3498db\" border=\"0\" cellpadding=\"0\" cellspacing=\"0\">\r\n                    <tbody><tr>\r\n                     <td valign=\"top\" align=\"center\">\r\n\r\n                        <table class=\"flexibleContainer\" width=\"700\" border=\"0\" cellpadding=\"0\" cellspacing=\"0\">\r\n                          <tbody><tr>\r\n                           <td class=\"flexibleContainerCell\" valign=\"top\" width=\"700\" align=\"center\">\r\n\r\n                            \r\n                              <table width=\"100%\" border=\"0\" cellpadding=\"30\" cellspacing=\"0\">\r\n                                <tbody><tr>\r\n                                 <td class=\"textContent\" valign=\"top\" align=\"center\">\r\n                                    <h1 style=\"color:#FFFFFF;line-height:100%;font-family:Helvetica,Arial,sans-serif;font-size:35px;font-weight:normal;margin-bottom:5px;text-align:center;\">\r\n                                   Hi! kalewo</h1>\r\n                                   <h2 style=\"text-align:center;font-weight:normal;font-family:Helvetica,Arial,sans-serif;font-size:23px;margin-bottom:10px;color:#205478;line-height:135%;\">\r\n                                    Your Appointment Information</h2>\r\n                                 </td>\r\n                               </tr>\r\n                             </tbody></table>\r\n\r\n                            </td>\r\n                         </tr>\r\n                       </tbody></table>\r\n                        \r\n                      </td>\r\n                   </tr>\r\n                 </tbody></table>\r\n                </td>\r\n             </tr>\r\n\r\n\r\n             <tr>\r\n                <td valign=\"top\" align=\"center\">\r\n\r\n                  <table style=\"color:#FFFFFF;\" width=\"100%\" bgcolor=\"#3498db\" border=\"0\" cellpadding=\"0\" cellspacing=\"0\">\r\n                    <tbody><tr>\r\n                     <td valign=\"top\" align=\"center\">\r\n\r\n                        <table class=\"flexibleContainer\" width=\"700\" border=\"0\" cellpadding=\"0\" cellspacing=\"0\">\r\n                          <tbody><tr>\r\n                           <td class=\"flexibleContainerCell\" valign=\"top\" width=\"700\" align=\"center\">\r\n\r\n                            \r\n                              <table width=\"100%\" border=\"0\" cellpadding=\"30\" cellspacing=\"0\">\r\n                                <tbody><tr>\r\n                                 <td class=\"textContent\" valign=\"top\" align=\"center\">\r\n                                    <p style=\"text-align:left;font-family:Helvetica,Arial,sans-serif;font-size:15px;margin-bottom:0;color:#fff;line-height:135%;\">\r\n                                      Thnks for your appointment request to Gloria K .\r\n                                     This is an automatic system generated email as with na\r\n                                      appointment.\r\n                                      Your appointment details as below...\r\n                                    </p>\r\n                                  </td>\r\n                               </tr>\r\n                             </tbody></table>\r\n\r\n                            </td>\r\n                         </tr>\r\n                       </tbody></table>\r\n                        \r\n                      </td>\r\n                   </tr>\r\n                 </tbody></table>\r\n                </td>\r\n             </tr>\r\n         \r\n              <tr>\r\n                <td valign=\"top\" align=\"center\">\r\n                  <table width=\"100%\" border=\"0\" cellpadding=\"0\" cellspacing=\"0\">\r\n                   <tbody><tr>\r\n                     <td valign=\"top\" align=\"center\">\r\n                        <table class=\"flexibleContainer\" width=\"700\" border=\"0\" cellpadding=\"30\" cellspacing=\"0\">\r\n                         <tbody><tr>\r\n                           <td class=\"flexibleContainerCell\" valign=\"top\" width=\"700\">\r\n\r\n                             <table width=\"100%\" align=\"left\" border=\"0\" cellpadding=\"0\" cellspacing=\"0\">\r\n                                <tbody><tr>\r\n                                 <td class=\"flexibleContainerBox\" valign=\"middle\" align=\"left\">\r\n                                    <table class=\"flexibleContainerBoxNext\" style=\"max-width: 100%;\" width=\"700\" border=\"0\" cellpadding=\"0\" cellspacing=\"0\">\r\n                                      <tbody><tr>\r\n                                       <td style=\"margin-left: 1em;\">\r\n                                          <h3 style=\"color:#5F5F5F;line-height:125%;font-family:Helvetica,Arial,sans-serif;font-size:20px;font-weight:normal;margin-top:0;margin-bottom:3px;text-align:left;\">\r\n                                            Your name : kalewo</h3>\r\n                                         <div style=\"text-align:left;font-family:Helvetica,Arial,sans-serif;font-size:15px;margin-bottom:0;color:#5F5F5F;line-height:135%;\">\r\n                                            Your ID : P20C2E2, </div>\r\n                                         <div style=\"text-align:left;font-family:Helvetica,Arial,sans-serif;font-size:15px;margin-bottom:0;color:#5F5F5F;line-height:135%;\">\r\n                                            Appointment ID : A20SAMHN, </div>\r\n                                          <div style=\"text-align:left;font-family:Helvetica,Arial,sans-serif;font-size:15px;margin-bottom:0;color:#5F5F5F;line-height:135%;\">\r\n                                            Serial : 02:15 AM </div>\r\n                                         <div style=\"text-align:left;font-family:Helvetica,Arial,sans-serif;font-size:15px;margin-bottom:0;color:#5F5F5F;line-height:135%;\">\r\n                                            and Appointment Date : 12 December 2020. \r\n                                          </div>\r\n                                        </td>\r\n                                     </tr>\r\n                                   </tbody></table>\r\n                                  </td>\r\n                               </tr>\r\n                             </tbody></table>\r\n                            </td>\r\n                         </tr>\r\n                       </tbody></table>\r\n                      </td>\r\n                   </tr>\r\n                 </tbody></table>\r\n                </td>\r\n             </tr>\r\n\r\n\r\n             <tr>\r\n                <td valign=\"top\" align=\"center\">\r\n\r\n                  <table style=\"color:#FFFFFF;\" width=\"100%\" bgcolor=\"#3498db\" border=\"0\" cellpadding=\"0\" cellspacing=\"0\">\r\n                    <tbody><tr>\r\n                     <td valign=\"top\" align=\"center\">\r\n\r\n                        <table class=\"flexibleContainer\" width=\"700\" border=\"0\" cellpadding=\"0\" cellspacing=\"0\">\r\n                          <tbody><tr>\r\n                           <td class=\"flexibleContainerCell\" valign=\"top\" width=\"700\" align=\"center\">\r\n\r\n                            \r\n                              <table width=\"100%\" border=\"0\" cellpadding=\"30\" cellspacing=\"0\">\r\n                                <tbody><tr>\r\n                                 <td class=\"textContent\" valign=\"top\" align=\"center\">\r\n                                    \r\n                                    <div style=\"text-align:center;font-family:Helvetica,Arial,sans-serif;font-size:15px;margin-bottom:0;color:#FFFFFF;line-height:135%;\">\r\n                                      Thank you for the Appointment\r\n                                    </div>\r\n                                  </td>\r\n                               </tr>\r\n                             </tbody></table>\r\n\r\n                            </td>\r\n                         </tr>\r\n                       </tbody></table>\r\n                        \r\n                      </td>\r\n                   </tr>\r\n                 </tbody></table>\r\n                </td>\r\n             </tr>\r\n\r\n         \r\n        \r\n      </tbody></table>\r\n    \r\n  \r\n\r\n</td></tr></tbody></table></center>');

-- --------------------------------------------------------

--
-- Structure de la table `email_info`
--

CREATE TABLE `email_info` (
  `email_info_id` int(11) NOT NULL,
  `patient_id` varchar(255) NOT NULL,
  `doctor_id` int(11) NOT NULL,
  `patient_phone` varchar(111) NOT NULL,
  `patient_email` varchar(111) DEFAULT NULL,
  `appointment_date` datetime NOT NULL,
  `appointment_id` varchar(111) NOT NULL,
  `status` int(11) DEFAULT '0',
  `email_counter` int(11) NOT NULL DEFAULT '0'
) ENGINE=InnoDB DEFAULT CHARSET=utf8;

--
-- Déchargement des données de la table `email_info`
--

INSERT INTO `email_info` (`email_info_id`, `patient_id`, `doctor_id`, `patient_phone`, `patient_email`, `appointment_date`, `appointment_id`, `status`, `email_counter`) VALUES
(1, 'P17K8JD', 5, '534535345345', 'hena@gmail.com', '2017-11-20 02:00:00', 'A17JR0IC', 0, 0),
(2, 'P17YVT8', 5, '35235345', 'doctor@gmail.com', '2017-11-21 02:00:00', 'A17R72WB', 0, 0),
(3, 'P20C2E2', 5, '098765432', 'GLORIA@GMAIL.COM', '2020-12-12 02:00:00', 'A20SAMHN', 0, 0);

-- --------------------------------------------------------

--
-- Structure de la table `email_schedule`
--

CREATE TABLE `email_schedule` (
  `email_ss_id` int(11) NOT NULL,
  `email_temp_id` int(11) NOT NULL,
  `email_ss_name` text NOT NULL,
  `email_schedule` varchar(100) NOT NULL,
  `email_ss_status` int(11) NOT NULL DEFAULT '1'
) ENGINE=InnoDB DEFAULT CHARSET=utf8;

-- --------------------------------------------------------

--
-- Structure de la table `email_template`
--

CREATE TABLE `email_template` (
  `email_temp_id` int(11) NOT NULL,
  `email_temp_name` text NOT NULL,
  `email_template` longtext NOT NULL,
  `email_temp_status` int(11) DEFAULT '1',
  `default_status` int(11) NOT NULL DEFAULT '0',
  `template_type` int(11) NOT NULL DEFAULT '0',
  `set_default` int(11) NOT NULL DEFAULT '0'
) ENGINE=InnoDB DEFAULT CHARSET=utf8;

--
-- Déchargement des données de la table `email_template`
--

INSERT INTO `email_template` (`email_temp_id`, `email_temp_name`, `email_template`, `email_temp_status`, `default_status`, `template_type`, `set_default`) VALUES
(1, 'Default Template', '\r\n \r\n  \r\n    <meta http-equiv=\"Content-Type\" content=\"text/html; charset=UTF-8\">\r\n   <meta name=\"viewport\" content=\"width=device-width, initial-scale=1.0\">\r\n    <title>Doctoress</title>\r\n\r\n    <style type=\"text/css\">\r\n\r\n\r\n     @media only screen and (max-width: 680px){\r\n        body{width:100% !important; min-width:100% !important;} \r\n        \r\n        table[id=\"emailBody\"],\r\n        table[class=\"flexibleContainer\"],\r\n       td[class=\"flexibleContainerCell\"] {width:100% !important;}\r\n        td[class=\"flexibleContainerBox\"], td[class=\"flexibleContainerBox\"] table {display: block;width: 100%;text-align: left;}\r\n       table[class=\"flexibleContainerBoxNext\"]{padding-top: 10px !important;}\r\n  \r\n      }\r\n   </style>\r\n\r\n\r\n  \r\n\r\n\r\n  \r\n\r\n    <center style=\"background-color:#E1E1E1;\">\r\n      <table id=\"bodyTable\" style=\"table-layout: fixed;max-width:100% !important;width: 100% !important;min-width: 100% !important;\" width=\"100%\" height=\"100%\" border=\"0\" cellpadding=\"0\" cellspacing=\"0\">\r\n       <tbody><tr>\r\n         <td valign=\"top\" align=\"center\">\r\n\r\n\r\n            <table id=\"emailBody\" width=\"700\" bgcolor=\"#FFFFFF\" border=\"0\" cellpadding=\"0\" cellspacing=\"0\">\r\n\r\n             <tbody><tr>\r\n               <td valign=\"top\" align=\"center\">\r\n\r\n                  <table style=\"color:#FFFFFF;\" width=\"100%\" bgcolor=\"#3498db\" border=\"0\" cellpadding=\"0\" cellspacing=\"0\">\r\n                    <tbody><tr>\r\n                     <td valign=\"top\" align=\"center\">\r\n\r\n                        <table class=\"flexibleContainer\" width=\"700\" border=\"0\" cellpadding=\"0\" cellspacing=\"0\">\r\n                          <tbody><tr>\r\n                           <td class=\"flexibleContainerCell\" valign=\"top\" width=\"700\" align=\"center\">\r\n\r\n                            \r\n                              <table width=\"100%\" border=\"0\" cellpadding=\"30\" cellspacing=\"0\">\r\n                                <tbody><tr>\r\n                                 <td class=\"textContent\" valign=\"top\" align=\"center\">\r\n                                    <h1 style=\"color:#FFFFFF;line-height:100%;font-family:Helvetica,Arial,sans-serif;font-size:35px;font-weight:normal;margin-bottom:5px;text-align:center;\">\r\n                                   Hi! %patient_name%</h1>\r\n                                   <h2 style=\"text-align:center;font-weight:normal;font-family:Helvetica,Arial,sans-serif;font-size:23px;margin-bottom:10px;color:#205478;line-height:135%;\">\r\n                                    Your Appointment Information</h2>\r\n                                 </td>\r\n                               </tr>\r\n                             </tbody></table>\r\n\r\n                            </td>\r\n                         </tr>\r\n                       </tbody></table>\r\n                        \r\n                      </td>\r\n                   </tr>\r\n                 </tbody></table>\r\n                </td>\r\n             </tr>\r\n\r\n\r\n             <tr>\r\n                <td valign=\"top\" align=\"center\">\r\n\r\n                  <table style=\"color:#FFFFFF;\" width=\"100%\" bgcolor=\"#3498db\" border=\"0\" cellpadding=\"0\" cellspacing=\"0\">\r\n                    <tbody><tr>\r\n                     <td valign=\"top\" align=\"center\">\r\n\r\n                        <table class=\"flexibleContainer\" width=\"700\" border=\"0\" cellpadding=\"0\" cellspacing=\"0\">\r\n                          <tbody><tr>\r\n                           <td class=\"flexibleContainerCell\" valign=\"top\" width=\"700\" align=\"center\">\r\n\r\n                            \r\n                              <table width=\"100%\" border=\"0\" cellpadding=\"30\" cellspacing=\"0\">\r\n                                <tbody><tr>\r\n                                 <td class=\"textContent\" valign=\"top\" align=\"center\">\r\n                                    <p style=\"text-align:left;font-family:Helvetica,Arial,sans-serif;font-size:15px;margin-bottom:0;color:#fff;line-height:135%;\">\r\n                                      Thnks for your appointment request to %doctor_name% .\r\n                                     This is an automatic system generated email as with na\r\n                                      appointment.\r\n                                      Your appointment details as below...\r\n                                    </p>\r\n                                  </td>\r\n                               </tr>\r\n                             </tbody></table>\r\n\r\n                            </td>\r\n                         </tr>\r\n                       </tbody></table>\r\n                        \r\n                      </td>\r\n                   </tr>\r\n                 </tbody></table>\r\n                </td>\r\n             </tr>\r\n         \r\n              <tr>\r\n                <td valign=\"top\" align=\"center\">\r\n                  <table width=\"100%\" border=\"0\" cellpadding=\"0\" cellspacing=\"0\">\r\n                   <tbody><tr>\r\n                     <td valign=\"top\" align=\"center\">\r\n                        <table class=\"flexibleContainer\" width=\"700\" border=\"0\" cellpadding=\"30\" cellspacing=\"0\">\r\n                         <tbody><tr>\r\n                           <td class=\"flexibleContainerCell\" valign=\"top\" width=\"700\">\r\n\r\n                             <table width=\"100%\" align=\"left\" border=\"0\" cellpadding=\"0\" cellspacing=\"0\">\r\n                                <tbody><tr>\r\n                                 <td class=\"flexibleContainerBox\" valign=\"middle\" align=\"left\">\r\n                                    <table class=\"flexibleContainerBoxNext\" style=\"max-width: 100%;\" width=\"700\" border=\"0\" cellpadding=\"0\" cellspacing=\"0\">\r\n                                      <tbody><tr>\r\n                                       <td style=\"margin-left: 1em;\">\r\n                                          <h3 style=\"color:#5F5F5F;line-height:125%;font-family:Helvetica,Arial,sans-serif;font-size:20px;font-weight:normal;margin-top:0;margin-bottom:3px;text-align:left;\">\r\n                                            Your name : %patient_name%</h3>\r\n                                         <div style=\"text-align:left;font-family:Helvetica,Arial,sans-serif;font-size:15px;margin-bottom:0;color:#5F5F5F;line-height:135%;\">\r\n                                            Your ID : %patient_id%, </div>\r\n                                         <div style=\"text-align:left;font-family:Helvetica,Arial,sans-serif;font-size:15px;margin-bottom:0;color:#5F5F5F;line-height:135%;\">\r\n                                            Appointment ID : %appointment_id%, </div>\r\n                                          <div style=\"text-align:left;font-family:Helvetica,Arial,sans-serif;font-size:15px;margin-bottom:0;color:#5F5F5F;line-height:135%;\">\r\n                                            Serial : %sequence% </div>\r\n                                         <div style=\"text-align:left;font-family:Helvetica,Arial,sans-serif;font-size:15px;margin-bottom:0;color:#5F5F5F;line-height:135%;\">\r\n                                            and Appointment Date : %appointment_date%. \r\n                                          </div>\r\n                                        </td>\r\n                                     </tr>\r\n                                   </tbody></table>\r\n                                  </td>\r\n                               </tr>\r\n                             </tbody></table>\r\n                            </td>\r\n                         </tr>\r\n                       </tbody></table>\r\n                      </td>\r\n                   </tr>\r\n                 </tbody></table>\r\n                </td>\r\n             </tr>\r\n\r\n\r\n             <tr>\r\n                <td valign=\"top\" align=\"center\">\r\n\r\n                  <table style=\"color:#FFFFFF;\" width=\"100%\" bgcolor=\"#3498db\" border=\"0\" cellpadding=\"0\" cellspacing=\"0\">\r\n                    <tbody><tr>\r\n                     <td valign=\"top\" align=\"center\">\r\n\r\n                        <table class=\"flexibleContainer\" width=\"700\" border=\"0\" cellpadding=\"0\" cellspacing=\"0\">\r\n                          <tbody><tr>\r\n                           <td class=\"flexibleContainerCell\" valign=\"top\" width=\"700\" align=\"center\">\r\n\r\n                            \r\n                              <table width=\"100%\" border=\"0\" cellpadding=\"30\" cellspacing=\"0\">\r\n                                <tbody><tr>\r\n                                 <td class=\"textContent\" valign=\"top\" align=\"center\">\r\n                                    \r\n                                    <div style=\"text-align:center;font-family:Helvetica,Arial,sans-serif;font-size:15px;margin-bottom:0;color:#FFFFFF;line-height:135%;\">\r\n                                      Thank you for the Appointment\r\n                                    </div>\r\n                                  </td>\r\n                               </tr>\r\n                             </tbody></table>\r\n\r\n                            </td>\r\n                         </tr>\r\n                       </tbody></table>\r\n                        \r\n                      </td>\r\n                   </tr>\r\n                 </tbody></table>\r\n                </td>\r\n             </tr>\r\n\r\n         \r\n        \r\n      </tbody></table>\r\n    \r\n  \r\n\r\n</td></tr></tbody></table></center>', 1, 1, 0, 1);

-- --------------------------------------------------------

--
-- Structure de la table `emergency_stop_tbl`
--

CREATE TABLE `emergency_stop_tbl` (
  `stop_id` int(11) UNSIGNED NOT NULL,
  `doctor_id` int(11) NOT NULL,
  `stop_date` date NOT NULL,
  `schedul_date` date NOT NULL,
  `message` varchar(255) NOT NULL
) ENGINE=InnoDB DEFAULT CHARSET=utf8;

-- --------------------------------------------------------

--
-- Structure de la table `herbs`
--

CREATE TABLE `herbs` (
  `herbs_id` int(11) NOT NULL,
  `lang_id` int(11) NOT NULL,
  `herbs` text NOT NULL
) ENGINE=InnoDB DEFAULT CHARSET=utf8;

--
-- Déchargement des données de la table `herbs`
--

INSERT INTO `herbs` (`herbs_id`, `lang_id`, `herbs`) VALUES
(1, 1, 'Herbs One'),
(2, 2, 'herbs2'),
(3, 1, 'herbs3'),
(4, 2, 'herbs4'),
(5, 2, 'h1'),
(6, 2, 'h2'),
(8, 3, 'h3'),
(9, 3, 'h4'),
(10, 3, 'h5'),
(11, 3, 'h6'),
(12, 3, 'h7'),
(13, 3, 'h8'),
(14, 3, 'h9'),
(15, 2, 'Medicien Herb2');

-- --------------------------------------------------------

--
-- Structure de la table `insurance`
--

CREATE TABLE `insurance` (
  `insurance_id` int(11) NOT NULL,
  `insurance_company_name` text
) ENGINE=InnoDB DEFAULT CHARSET=utf8;

-- --------------------------------------------------------

--
-- Structure de la table `invoice`
--

CREATE TABLE `invoice` (
  `invoice_id` int(11) NOT NULL,
  `doctor_id` int(11) NOT NULL,
  `patient_id` varchar(111) NOT NULL,
  `grand_total` int(11) NOT NULL,
  `total_tax` int(11) NOT NULL,
  `paid` int(11) NOT NULL,
  `due` int(11) NOT NULL,
  `payment_notes` text,
  `payment_method` varchar(250) NOT NULL,
  `payment_method_notes` text,
  `date_time` datetime NOT NULL
) ENGINE=InnoDB DEFAULT CHARSET=utf8;

-- --------------------------------------------------------

--
-- Structure de la table `invoice_product`
--

CREATE TABLE `invoice_product` (
  `inv_p_id` int(11) NOT NULL,
  `invoice_id` int(11) NOT NULL,
  `product_id` int(11) NOT NULL,
  `price` int(11) NOT NULL,
  `grand_price` int(11) NOT NULL,
  `quantity` int(11) NOT NULL,
  `discount` int(11) NOT NULL
) ENGINE=InnoDB DEFAULT CHARSET=utf8;

-- --------------------------------------------------------

--
-- Structure de la table `language`
--

CREATE TABLE `language` (
  `id` int(11) UNSIGNED NOT NULL,
  `phrase` text NOT NULL,
  `english` text,
  `spanish` text,
  `franais` text
) ENGINE=InnoDB DEFAULT CHARSET=utf8;

--
-- Déchargement des données de la table `language`
--

INSERT INTO `language` (`id`, `phrase`, `english`, `spanish`, `franais`) VALUES
(1, 'deashbord', 'Dashboard', NULL, 'Dashboard'),
(2, 'prescription', 'Prescription', NULL, 'prescription'),
(3, 'appointment', 'Appointment', NULL, 'rendez-vous'),
(4, 'create_trade', 'Create (Trade)', NULL, ''),
(5, 'create_generic', 'Create (Generic)', NULL, 'créer générique'),
(6, 'create_appointment', 'Create Appointment', NULL, 'créer un rendez-vous'),
(7, 'appointment_list', 'Appointment List', NULL, 'liste de rendez-vous'),
(8, 'patient', 'Patient', NULL, 'patient'),
(9, 'add_new_patient', 'Add New Patient', NULL, 'ajouter_nouveau_patient'),
(10, 'patient_list', 'Patient List', NULL, 'liste des patients'),
(11, 'schedule', 'Schedule', NULL, 'programme'),
(12, 'add_schedule', 'Add Schedule', NULL, 'ajouter un horaire'),
(13, 'schedule_list', 'Schedule List', NULL, 'liste des horaires'),
(14, 'emergency_stop', 'Emergency Stop', NULL, 'arrêt d\'urgence'),
(15, 'stop', 'Stop', NULL, 'Arrêt'),
(16, 'emergency_stop_list', 'Emergency Stop List', NULL, 'liste d\'arrêt d\'urgence'),
(17, 'venue', 'Venue', NULL, 'lieu'),
(18, 'create_venue', 'Create Venue', NULL, 'créer un lieu'),
(19, 'venue_list', 'Venue List', NULL, 'liste des lieux'),
(20, 'setup_data', 'Setup Data', NULL, 'données de configuration'),
(21, 'add_medicine', 'Add New Medicine', NULL, 'ajouter un médicament'),
(22, 'medicine_list', 'Medicine List', NULL, 'liste de médicaments'),
(23, 'add_company', 'Add Company', NULL, 'ajouter_une_entreprise'),
(24, 'add_group', 'Add Group', NULL, 'Ajouter un groupe'),
(25, 'add_advice', 'Add Advice', NULL, 'ajouter_conseil'),
(26, 'add_test_name', 'Add Test Name', NULL, 'ajouter un nom de test'),
(27, 'test_list', 'Test List', NULL, 'liste de tests'),
(28, 'users', 'Users', NULL, 'utilisateurs'),
(29, 'web_site', 'Web Site', NULL, 'site Internet'),
(30, 'language_setting', 'Language Setting', NULL, 'Paramètres de langue'),
(31, 'web_setting', 'Web Settiing', NULL, 'paramètre Web'),
(32, 'header_setup', 'Header Setup', NULL, 'configuration de l\'en-tête'),
(33, 'profile', 'Profile', NULL, 'profile'),
(34, 'slider', 'Slider setup', NULL, 'curseur'),
(35, 'blog', 'Blog', NULL, 'blog'),
(36, 'add_new_post', 'Add New Post', NULL, 'ajouter_nouveau_poste'),
(37, 'post_list', 'Post List', NULL, 'liste de post'),
(38, 'gateway', 'Gateway Setup', NULL, 'gateway'),
(39, 'sms_template', 'Template', NULL, 'modèle de sms'),
(40, 'send_custom_sms', 'Send Cutom Sms', NULL, 'envoyer des sms personnalisés'),
(41, 'sms_setup', 'SMS', NULL, 'configuration sms'),
(42, 'sms_schedule', 'Sms Schedule', NULL, 'programme de sms'),
(43, 'sms_report', 'Sms Report', NULL, 'rapport sms'),
(44, 'custom_sms_report', 'Custom SMS Report', NULL, 'rapport SMS personnalisé'),
(45, 'auto_sms_report', 'Auto SMS Report', NULL, 'rapport SMS automatique'),
(46, 'email_setup', 'Email Setup', NULL, 'configuration de messagerie'),
(47, 'email_configaretion', 'Email Configaretion', NULL, 'configaration de courrier électronique'),
(48, 'email_template', 'Email Template', NULL, 'modèle de courrier électronique'),
(49, 'email_template_list', 'Email Template List', NULL, 'liste de modèles d\'e-mails'),
(50, 'email_schedule_setup', 'Email Schedule Setup', NULL, 'configuration de la planification des e-mails'),
(51, 'emergency_stop_setup', 'Emergency Stop Setup', NULL, 'configuration d\'arrêt d\'urgence'),
(52, 'add_new_user', 'Add New User', NULL, 'ajouter_nouvel_utilisateur'),
(53, 'user_list', 'user List', NULL, 'liste d\'utilisateur'),
(54, 'send_custom_email', 'Send Cutom Email', NULL, 'envoyer un e-mail personnalisé'),
(55, 'email_list', 'Email List', NULL, 'liste de diffusion'),
(56, 'prescription_list', 'Prescription List', NULL, 'liste de prescription'),
(57, 'total_patient', 'Total Patient', NULL, 'patient total'),
(58, 'today_patient', 'Today Patient', NULL, 'aujourd\'hui patient'),
(59, 'today_appointment', 'Today Appointment', NULL, 'rendez-vous aujourd\'hui'),
(60, 'new_appointment', 'New Appointment', NULL, 'nouveau rendez-vous'),
(61, 'total_appointment', 'Total Appointment', NULL, 'rendez-vous total'),
(62, 'today_prescription', 'Today Prescription', NULL, 'prescription aujourd\'hui'),
(63, 'total_prescription', 'Total Prescription', NULL, 'prescription totale'),
(64, 'total_sms', 'Total SMS', NULL, 'sms total'),
(65, 'today_sms', 'Today SMS', NULL, ''),
(66, 'custom_sms', 'Custom SMS', NULL, 'sms personnalisé'),
(67, 'auto_sms', 'Auto SMS', NULL, 'sms automatique'),
(68, 'total_send_email', 'Total Send Email', NULL, 'envoi total de l\'e-mail'),
(69, 'line_chart', 'Line Chart', NULL, 'graphique en ligne'),
(70, 'appointment_chart', 'Appointment Chart', NULL, 'tableau de rendez-vous'),
(71, 'patient_chart', 'Patient Chart', NULL, 'dossier patient'),
(72, 'chart_shows_total_report', 'This chart shows total report', NULL, 'le graphique montre le rapport total'),
(73, 'appointment_progress', 'This chart shows total appointment progress', NULL, 'progression du rendez-vous'),
(74, 'patient_progress', 'This chart shows total patient progress', NULL, 'progrès du patient'),
(75, 'send_total_email', 'Send Total Email', NULL, 'envoyer un e-mail total'),
(76, 'patient_name', 'Patient Name', NULL, 'nom du patient'),
(77, 'phone_number', 'Phone Number', NULL, 'numéro de téléphone'),
(78, 'birth_date', 'Birth date', NULL, 'date de naissance'),
(79, 'age', 'Age', NULL, 'âge'),
(80, 'male', 'Male', NULL, ''),
(81, 'female', 'Female', NULL, 'femme'),
(82, 'others', 'Others', NULL, 'autres'),
(83, 'patient_id', 'Patient Id', NULL, 'patient_id'),
(84, 'patient_cc', 'Patient CC', NULL, ''),
(85, 'patient_weight', 'Patient Weight', NULL, 'poids du patient'),
(86, 'patient_bp', 'Patient BP', NULL, ''),
(87, 'oex', 'O/Ex', NULL, ''),
(88, 'pd', 'PD', NULL, 'pd'),
(89, 'medicine', 'Medicine', NULL, ''),
(90, 'type', 'Type', NULL, 'type'),
(91, 'medicine_name', 'Medicine Name', NULL, 'nom du médicament'),
(92, 'mgml', 'Mg/Ml', NULL, ''),
(93, 'dose', 'Dose', NULL, 'dose'),
(94, 'day', 'Day', NULL, 'journée'),
(95, 'medicine_comment', 'Comments', NULL, 'commentaire de médecin'),
(96, 'overal_comment', 'Overall Comment', NULL, 'commentaire général'),
(97, 'test', 'Test', NULL, 'tester'),
(98, 'add', 'Add', NULL, 'ajouter'),
(99, 'advice', 'Advice', NULL, 'Conseil'),
(100, 'test_name', 'Test Name', NULL, 'nom du test'),
(101, 'submit', 'Submit', NULL, 'soumettre'),
(102, 'reset', 'Reset', NULL, 'réinitialiser'),
(103, 'description', 'Description', NULL, 'la description'),
(104, 'generic_name', 'Generic Name', NULL, ''),
(105, 'picture', 'Picture', NULL, 'photo'),
(106, 'sex', 'Gender', NULL, 'sexe'),
(107, 'action', 'Action', NULL, 'action'),
(108, 'appointment_id', 'Appointment Id', NULL, 'identifiant de rendez-vous'),
(109, 'date', 'Date', NULL, 'date'),
(110, 'choose_serial', 'Choose Serial', NULL, 'choisissez la série'),
(111, 'date_placeholder', 'yyyy-mm-dd', NULL, 'espace réservé de date'),
(112, 'sequence', 'Appointment Time', NULL, 'séquence'),
(113, 'sms', 'Send SMS', NULL, 'sms'),
(114, 'sms_gateway', 'SMS Gateway', NULL, 'passerelle sms'),
(115, 'send', 'Send', NULL, 'envoyer'),
(116, 'sms_message', 'SMS Send Successfully!', NULL, ''),
(117, 'name', 'Full Name', NULL, 'nom'),
(118, 'email', 'Email Address', NULL, 'Adresse Electronique'),
(119, 'blood_group', 'Blood Group', NULL, 'groupe sanguin'),
(120, 'address', 'Address', NULL, 'adresse'),
(121, 'edit_patient', 'Edit Patient', NULL, 'modifier le patient'),
(122, 'update', 'Update', NULL, 'mise à jour'),
(123, 'visibility', 'Visibility', NULL, 'visibilité'),
(124, 'yes', 'Yes', NULL, 'oui'),
(125, 'no', 'No', NULL, 'Non'),
(126, 'set_time_msg', 'You can set only minute', NULL, 'régler l\'heure msg'),
(127, 'set_per_patient_time', 'Per Patient Time', NULL, ''),
(128, 'end_time', 'End Time', NULL, 'heure de fin'),
(129, 'start_time', 'Start Time', NULL, 'Heure de début'),
(130, 'set_time', 'Set Time', NULL, 'régler le temps'),
(131, 'saturday', 'Saturday', NULL, 'samedi'),
(132, 'sunday', 'Sunday', NULL, 'dimanche'),
(133, 'monday', 'Monday', NULL, 'lundi'),
(134, 'tuesday', 'Tuesday', NULL, 'Mardi'),
(135, 'wednesday', 'Wednesday', NULL, 'Mercredi'),
(136, 'thusday', 'Thursday', NULL, 'Jeudi'),
(137, 'friday', 'Friday', NULL, 'Vendredi'),
(138, 'edit_schedule', 'Edit Schedule', NULL, 'modifier le calendrier'),
(139, 'stop_date', 'Stop Date', NULL, 'date d\'arrêt'),
(140, 'schedule_date', 'Schedule Date', NULL, 'date de planification'),
(141, 'message', 'Message', NULL, 'message'),
(142, 'specialist', 'Specialist', NULL, 'spécialiste'),
(143, 'edit_emergency_stop', 'Edit Emergency Stop', NULL, 'modifier l\'arrêt d\'urgence'),
(144, 'venue_name', 'Venue Name', NULL, 'nom de la place'),
(145, 'venue_contact', 'Venue Contact', NULL, 'contact du lieu'),
(146, 'venue_address', 'Venue Address', NULL, 'adresse du lieu'),
(147, 'venue_map', 'Venue Map', NULL, 'plan du site'),
(148, 'edot_venue', 'Edit Venue', NULL, ''),
(149, 'company_name', 'Company Name', NULL, 'Nom de la compagnie'),
(150, 'group_name', 'Group Name', NULL, 'nom de groupe'),
(151, 'medicine_description', 'Medicine Description', NULL, 'description du médicament'),
(152, 'edit_medicine', 'Edit Medicine', NULL, ''),
(153, 'web_site_enable_disable', 'Web site Enable Or Disable', NULL, ' site web activer désactiver'),
(154, 'html_code_title', 'Html Code Sample', NULL, 'titre du code html'),
(155, 'js_code_title', 'Js Code Sample ', NULL, ''),
(156, 'use_thirt_parti_api', 'Use third party Api ', NULL, 'utiliser l\'api de thirt parti'),
(157, 'therd_parti_api_preview', 'Third party Api preview', NULL, 'aperçu de l\'api de parti de therd'),
(158, 'website_enable', 'Website Enable', NULL, 'activer le site Web'),
(159, 'website_desable', 'website Desable', NULL, 'site Web désactivé'),
(160, 'website_enable_msg', 'If you don\'t want to Show The website, Click the button', NULL, 'site Web activer msg'),
(161, 'website_desable_msg', 'If you want to Show The website, Click the button', NULL, 'site Web desactiver msg'),
(162, 'html_code_description', 'Html Code Sample Place this code wherever you want the plugin to appear on your page.', NULL, 'description du code html'),
(163, 'js_code_description', 'Place this code wherever you want the plugin to appear on your page.', NULL, ''),
(164, 'facebook_link', 'facebook Link', NULL, 'lien facebook'),
(165, 'twitter_link', 'twitter Link', NULL, 'lien Twitter'),
(166, 'youtube_link', 'Youtube Link', NULL, 'lien youtube'),
(167, 'linkedin_link', 'Linkedin Link', NULL, 'lien LinkedIn'),
(168, 'google_link', 'Google Linlk', NULL, 'google lien'),
(169, 'working_description', 'Working Description', NULL, 'description de travail'),
(170, 'hotline', 'Hotline', NULL, ''),
(171, 'copy_right', 'Copy Right', NULL, 'copy_right'),
(172, 'logo', 'Logo', NULL, 'logo'),
(173, 'favicon', 'Favicon', NULL, 'favicon'),
(174, 'appointment_image', 'Appointment Image', NULL, 'image de rendez-vous'),
(175, 'about_image', 'About Image', NULL, 'A propos d\'image'),
(176, 'total_appointment_details', 'Total Appointment details', NULL, ''),
(177, 'today_appointment_details', 'Today Appointment Details', NULL, ''),
(178, 'total_patient_details', 'Total Patient Details', NULL, ''),
(179, 'twitter_post', 'Twitter Post', NULL, 'publication Twitter'),
(180, 'google_map', 'Google Map', NULL, 'google_map'),
(181, 'doctor_name', 'Doctor Name', NULL, 'nom du médecin'),
(182, 'designation', 'Designation', NULL, 'designation'),
(183, 'degrees', 'Degrees', NULL, 'degrés'),
(184, 'department', 'Department', NULL, 'département'),
(185, 'service_place', 'Service Place', NULL, 'lieu de service'),
(186, 'about_me', 'About Me', NULL, 'A propos de moi'),
(187, 'slider_list', 'Slider List', NULL, 'liste de curseurs'),
(188, 'heading', 'Heading', NULL, ''),
(189, 'details', 'Details', NULL, 'details'),
(190, 'select_category', 'Select Category', NULL, 'Choisir une catégorie'),
(191, 'title', 'Title', NULL, 'Titre'),
(192, 'edit_post', 'Edit Post', NULL, 'modifier le message'),
(193, 'edit_slider', 'Edit Slider', NULL, ''),
(194, 'category', 'Select Category', NULL, 'categorie'),
(195, 'category_name', 'Category Name', NULL, 'Nom de catégorie'),
(196, 'status', 'Status', NULL, 'statut'),
(197, 'provider', 'Provider', NULL, 'provider'),
(198, 'user_name', 'User Name', NULL, 'Nom d\'utilisateur'),
(199, 'password', 'password', NULL, 'Mot de passe'),
(200, 'sender', 'Sender', NULL, 'expéditeur'),
(201, 'sms_template_list', 'SMS Template List', NULL, 'liste de modèles de sms'),
(202, 'sms_template_setup', 'SMS Template Setup', NULL, 'configuration du modèle SMS'),
(203, 'template_name', 'Template Name', NULL, 'nom du modèle'),
(204, 'set_default', 'Set Default', NULL, 'définir par defaut'),
(205, 'schedule_name', 'Schedule Name', NULL, 'nom du programme'),
(206, 'time', 'Time', NULL, 'temps'),
(207, 'sms_cronjob_des', 'You can use above link for cron job. Copy and paste at cron job Command box', NULL, ''),
(208, 'sms_schedule_list', 'SMS Schedule List', NULL, 'liste des horaires de sms'),
(209, 'reciver', 'Reciver', NULL, 'receveur'),
(210, 'from_date', 'From Date', NULL, 'partir de la date'),
(211, 'to_date', 'To Date', NULL, 'à ce jour'),
(212, 'date_time', 'Date Time', NULL, 'date heure'),
(213, 'search', 'Search', NULL, 'chercher'),
(214, 'send_at_appointment', 'Email Send At Appointment Time. ', NULL, 'envoyer sur rendez-vous'),
(215, 'send_at_registration', 'Email Send At Patient Registretion.', NULL, 'envoyer à l\'inscription'),
(216, 'send_by_reminder', 'Email Send By Reminder.', NULL, 'envoyer par rappel'),
(217, 'protocol', 'Protocol', NULL, 'protocol'),
(218, 'mailepath', 'MailPath', NULL, ''),
(219, 'mailtype', 'MailType', NULL, ''),
(220, 'sender_email', 'Sender Email', NULL, 'email de l\'expéditeur'),
(221, 'email_template_list_of_app', 'Email Templ list For Registration', NULL, ''),
(222, 'email_template_list_of_reg', 'Email Templ list For Appointment', NULL, ''),
(223, 'active', 'Active', NULL, 'active'),
(224, 'reciver_email', 'Reciver Email', NULL, 'email du destinataire'),
(225, 'subject', 'Subject', NULL, 'Sujet'),
(226, 'edit_email_template', 'Edit Email Template', NULL, 'modifier le modèle d\'e-mail'),
(227, 'email_schedule_stup', 'Email Schedule Setup', NULL, 'planification des e-mails stup'),
(228, 'email_schedule_stup_list', 'Email Schedule Setup List', NULL, ''),
(229, 'email_cronjob_msg', 'You can use above link for cron job. Copy and paste at cron job Command box.', NULL, ''),
(230, 'appointment_info', 'Appointment Information', NULL, 'informations de rendez-vous'),
(231, 'appointment_footer_msg', 'Kindly Report to Reception 30 minutes Earlier then your appointment', NULL, 'msg de pied de page de rendez-vous'),
(232, 'patient_history', ' History', NULL, 'histoire du patient'),
(233, 'signature', 'Signature', NULL, 'signature'),
(234, 'chamber_time', 'CHAMBER TIME', NULL, 'temps de chambre'),
(235, 'prescription_empty_msg', 'You have no prescription......................', NULL, 'prescription msg vide'),
(236, 'social_link', 'Social Link', NULL, 'lien social'),
(237, 'recent_news', 'Recent News', NULL, 'nouvelles récentes'),
(238, 'latest_twitter', 'Latest Twitter', NULL, 'dernier twitter'),
(239, 'register', 'REGISTER', NULL, 'S\'inscrire'),
(240, 'doctor_spciality', 'Doctor Spciality', NULL, 'médecin spécialiste'),
(241, 'doctor_degrees', 'Doctor Degrees', NULL, ''),
(242, 'doctor_experience', 'Doctor Experience', NULL, 'expérience de médecin'),
(243, 'website_title', 'Website Title', NULL, 'Titre du site Web'),
(244, 'home', 'HOME', NULL, ''),
(245, 'working_hour', 'WORKING HOURS', NULL, 'heure de travail'),
(246, 'testimonial', 'TESTIMONIAL', NULL, 'témoignage'),
(247, 'contact', 'CONTACT', NULL, 'contact'),
(248, 'latest_news', 'Latest News', NULL, 'dernières nouvelles'),
(249, 'larnmore', 'Larn More', NULL, ''),
(250, 'close', 'Close', NULL, ''),
(251, 'login', 'Login', NULL, 'Connexion'),
(252, 'doctor', 'Doctor', NULL, 'docteur'),
(253, 'assistant', 'Assistant', NULL, 'assistant'),
(254, 'login_title', 'Please Login', NULL, 'Connexion à l\'administration'),
(255, 'login_msg', 'UserEmail or Password are Invalid.', NULL, 'Erreu de connexion'),
(256, 'image_upload_msg', 'Image dosn\'t upload!. Image size to large.', NULL, 'msg de téléchargement d\'image'),
(257, 'website_setup_msg', 'Setup Successgully.', NULL, 'msg de configuration du site Web'),
(258, 'delete_msg', 'Delete Successfull.', NULL, 'supprimer msg'),
(259, 'edit_msg', 'Edit Successfully.', NULL, 'modifier le msg'),
(260, 'slider_ste_msg', 'Slider set Successful..', NULL, 'curseur ste msg'),
(261, 'update_msg', 'Update Successfully.', NULL, 'mettre à jour le msg'),
(262, 'venue_add_msg', 'Venue Added successfully', NULL, 'lieu ajouter msg'),
(263, 'exist_error_msg', 'It\'s Allrady Exist', NULL, 'existe msg d\'erreur'),
(264, 'register_msg', 'Registeration Successfully.', NULL, 'enregistrer msg'),
(265, 'post_add_msg', 'Add New Post Successfully..', NULL, 'post ajouter un msg'),
(266, 'sms_send_msg', 'SMS Send Successfully!', NULL, 'sms envoyer msg'),
(267, 'emal_send_msg', 'Email Send Successfully.', NULL, 'emal envoyer msg'),
(268, 'schedule_add_msg', 'Schedule Add Successfully.', NULL, 'planifier ajouter un msg'),
(269, 'template_add_msg', 'Add Template Successfully.', NULL, 'modèle ajouter msg'),
(270, 'gorup_add_msg', 'Group inserted Successful', NULL, ''),
(271, 'medicine_add_msg', 'Mdicine inserted Successful', NULL, 'médecine ajouter msg'),
(272, 'advice_add_msg', 'Advice inserted Successful', NULL, 'conseil ajouter un msg'),
(273, 'test_add_msg', 'Test inserted Successful', NULL, 'test ajouter un msg'),
(274, 'company_add_msg', 'Company inserted Successful', NULL, 'entreprise ajouter msg'),
(275, 'password_change_msg', 'Password Change Successfull', NULL, 'message de changement de mot de passe'),
(276, 'password_change_error_msg', 'Your Old Password Dos Not Mathch', NULL, 'message d\'erreur de changement de mot de passe'),
(277, 'schedule_error_msg', 'Already set up scheduled on this day, please select others one day.', NULL, 'message d\'erreur de planification'),
(278, 'emergency_stop_msg', 'Emergency Stop Successfully.', NULL, 'arrêt d\'urgence msg'),
(279, 'appointment_error_msg', 'Sorry You already get apointment in this date', NULL, 'msg d\'erreur de rendez-vous'),
(280, 'get', '', NULL, ''),
(281, 'get_appointment_msg', 'You Got this appointment Successful..', NULL, 'obtenir un rendez-vous'),
(282, 'patient_id_exist_msg', 'This id Is allredy exist, Please try again', NULL, 'patient_id_exist_msg'),
(283, 'venue_empty_msg', 'Sorry there have no assign venue.', NULL, 'lieu vide msg'),
(284, 'email_setup_msg', 'Email Configaretion Successfully.', NULL, ''),
(285, 'email_template_add_msg', 'Email Template Add Successfully.', NULL, 'modèle de courrier électronique ajouter un msg'),
(286, 'about_menu', 'ABOUT', NULL, 'A propos du menu'),
(287, 'font_appointment', 'APPOINTMENT', NULL, ''),
(288, 'change_password', 'Change Password', NULL, 'changer le mot de passe'),
(289, 'logout', 'Logout', NULL, 'Se déconnecter'),
(290, 'register_information', 'Registration Information.', NULL, 'enregistrer les informations'),
(291, 'sl', 'SL', NULL, ''),
(292, 'pad_print', 'Pad Print', NULL, 'impression au tampon'),
(293, 'default_print', 'Default Print', NULL, 'impression par défaut'),
(294, 'history', 'History', NULL, 'histoire'),
(295, 'temperature', 'Temperature', NULL, 'Température'),
(296, 'print_pattern', 'Print Pattern', NULL, 'motif d\'impression'),
(297, 'setup_pattern', 'Setup Print Pattern', NULL, 'modèle de configuration'),
(298, 'pattern_list', 'Setup Pattern List', NULL, 'liste de modèles'),
(299, 'header_blank', 'Header Blank', NULL, 'en-tête vide'),
(300, 'footer_blank', 'Footer Blank', NULL, 'pied de page vide'),
(301, 'side_content', 'Side Content', NULL, 'contenu secondaire'),
(302, 'content_blank', 'Content Blank', NULL, ''),
(303, 'height', 'Height', NULL, 'la taille'),
(304, 'width', 'Width', NULL, 'largeur'),
(305, 'edit_print_pattern', 'Edit Print Pattern', NULL, 'modifier le motif d\'impression'),
(306, 'footer_logo', 'Footer Logo', NULL, 'logo de pied de page'),
(307, 'payment', 'Payment', NULL, 'Paiement'),
(308, 'setup_payment_method', 'Setup Payment Method', NULL, 'configurer le mode de paiement'),
(309, 'paypal_business_email', 'Paypal Business Email', NULL, 'paypal_business_email'),
(310, 'amount', 'Amount', NULL, 'montant'),
(311, 'pyment_list', 'Pyment List', NULL, 'liste de paiement'),
(312, 'pyment_setup', 'Pyment Setup', NULL, 'configuration du paiement'),
(313, 'payment_setup', 'Payment Setup', NULL, 'configuration du paiement'),
(314, 'payment_list', 'Payment List', NULL, 'liste de paiement'),
(315, 'notes', 'Notes', NULL, 'notes'),
(316, 'doctoress_dashboard', 'Clinic Dashboard', NULL, 'tableau de bord'),
(317, 'site_view', 'Site View', NULL, 'vue du site'),
(318, 'edit_prescription', 'Edit Prescription', NULL, 'modifier la prescription'),
(319, 'select_message', 'Please Select any one Number', NULL, 'sélectionner un message'),
(320, 'schedule_msg', '<strong>MESSAGGIO DI ERRORE!</strong>                       <p>There have no time schedule setup! Please Try Again.</p>', NULL, 'planifier msg'),
(321, 'schedule_date_msg', '<strong>ERROR MESSAGE!</strong>  <h4>Doctor do not seat In this date!</h4>', NULL, 'calendrier de msg de date'),
(322, 'book_sequence', 'You Selected', NULL, ''),
(323, 'patient_id_msg', 'Your id is available', NULL, 'patient_id_msg'),
(324, 'patient_name_load_msg', 'Didn\'t match. Please Enter Your Valid Id.', NULL, 'nom du patient chargement msg'),
(325, 'remember_me', 'Remember me', NULL, 'souviens-toi de moi'),
(326, 'edit_generic', 'Edit(Generic)', NULL, 'modifier générique'),
(327, 'sms_list', 'SMS List', NULL, 'liste sms'),
(328, 'time_zone_setup', 'Time Zone Setup', NULL, 'configuration du fuseau horaire'),
(329, 'time_setup', 'Select Time Zone', NULL, 'configuration de l\'heure'),
(330, 'next_follow_up', 'Next Follow Up/à¦ªà¦°à¦¬à¦°à§à¦¤à§€ à¦¸à¦¾à¦•à§à¦·à¦¾à¦¤', NULL, 'prochain suivi'),
(331, 'doctor_list', 'Doctor List', NULL, 'liste des médecins'),
(332, 'new_invoice', 'New Invoice', NULL, 'nouvelle facture'),
(333, 'invoice_list', 'Invoice List', NULL, 'liste de factures'),
(334, 'edit_invoice', 'Edit Invoice', NULL, 'modifier la facture'),
(335, 'service_info', 'Service Info', NULL, 'informations de service'),
(336, 'quantity', 'Quantity', NULL, 'quantité'),
(337, 'price', 'Price', NULL, 'prix'),
(338, 'discount', 'Discount', NULL, 'remise'),
(339, 'total', 'Total', NULL, ''),
(340, 'total_tax', 'Total Tax', NULL, 'taxe total'),
(341, 'grand_total', 'Grand Total', NULL, ''),
(342, 'paid_ammount', 'Paid Ammount', NULL, 'montant payé'),
(343, 'due', 'Due', NULL, ''),
(344, 'add_new_service', 'Add New Sevice', NULL, 'ajouter_un_nouveau_service'),
(345, 'payment_notes', 'Payment Notes', NULL, 'notes de paiement'),
(346, 'payment_method_notes', 'Payment Method Notes', NULL, 'notes de méthode de paiement'),
(347, 'save_and_paid', 'Save And Paid', NULL, 'sauvegarder et payer'),
(348, 'delete', 'Delete', NULL, 'supprimer'),
(349, 'add_new_invoice', 'Add New Invoice', NULL, 'ajouter_une_nouvelle_facture'),
(350, 'sl_no', 'SL NO', NULL, ''),
(351, 'invoice_id', 'Invoice Id', NULL, 'identifiant de la facture'),
(352, 'create_prescription', 'Create Prescription', NULL, 'créer une prescription'),
(353, 'chief_complain', 'Chief Complain', NULL, 'plainte principale'),
(354, 'reference_diagnosis', 'Reference Diagnosis', NULL, 'diagnostic de référence'),
(355, 'section', 'Section', NULL, 'section'),
(356, 'language', 'Language', NULL, 'Langue'),
(357, 'disease', 'Disease', NULL, 'maladie'),
(358, 'classification', 'Classification', NULL, 'classification'),
(359, 'syndromes', 'Syndromes', NULL, 'syndromes'),
(360, 'treatment', 'Treatment', NULL, 'traitement'),
(361, 'herbs', 'Herbs', NULL, 'herbes'),
(362, 'comment', 'Comment', NULL, 'commentaire'),
(363, 'inspecsion', 'Inspecsion', NULL, ''),
(364, 'treatment_plan', 'Treatment Plan', NULL, 'plan de traitement'),
(365, 'treatment_goals', 'Treatment Goals', NULL, 'objectifs de traitement'),
(366, 'doctor_told', 'Doctor Told', NULL, 'médecin a dit'),
(367, 'treatment_effect', 'Treatment Effect', NULL, 'effet du traitement'),
(368, 'treatment_evaluation', 'Treatment evaluation', NULL, 'évaluation du traitement'),
(369, 'referral_doctor', 'Referral Doctor', NULL, 'médecin référent'),
(370, 'old_password', 'Old Password', NULL, 'ancien mot de passe'),
(371, 'new_password', 'New Password', NULL, 'nouveau mot de passe'),
(372, 'confirm_password', 'confirm Password', NULL, 'Confirmez le mot de passe'),
(373, 'change', 'Change', NULL, 'changement'),
(374, 'mobile', 'Movile Number', NULL, 'mobile'),
(375, 'given_name', 'Given name', NULL, ''),
(376, 'family_name', 'Family Name', NULL, 'nom de famille'),
(377, 'post_code', 'Post Code', NULL, 'code postal'),
(378, 'suburb', 'Suburb', NULL, ''),
(379, 'work_injury_insurance', 'Work injury insurance claim number', NULL, 'assurance accidents du travail'),
(380, 'traffic_accident', 'Traffic accident claim number', NULL, 'accident de la circulation'),
(381, 'version_number', 'Veteran number', NULL, 'numéro de version'),
(382, 'custom_receipt', 'Custom receipt number attachment', NULL, 'reçu personnalisé'),
(383, 'deaggregate', 'Diagnostics', NULL, ''),
(384, 'additional_info', 'Additional info', NULL, 'informations_additionnelles'),
(385, 'overall_comment', 'Overall comments', NULL, 'commentaire général'),
(386, 'create_doctor', 'Create Doctor', NULL, 'créer un docteur'),
(387, 'add_service', 'Add New Service', NULL, 'ajouter un service'),
(388, 'service_list', 'Service List', NULL, 'liste de service'),
(389, 'service_name', 'Service Name', NULL, 'Nom du service'),
(390, 'tex', 'Tex', NULL, ''),
(391, 'service_model', 'Service Model', NULL, 'modèle de service'),
(392, 'invoice', 'Invoice', NULL, 'facture d\'achat'),
(393, 'emergency_contact', 'Emergency Contact', NULL, 'personne à contacter en cas d\'urgence'),
(394, 'madical_info', 'Madical Information', NULL, ''),
(395, 'patient_info', 'Patient Information', NULL, 'infos patient'),
(396, 'invoice_recit', 'Invoice Recit', NULL, 'récit de facture'),
(397, 'billing_to', 'Billing To', NULL, 'facturer à'),
(398, 'billing_from', 'Billing From', NULL, 'facturation de'),
(399, 'rate', 'Rate', NULL, ''),
(400, 'authorised_by', 'Authorised By', NULL, 'autorisé par'),
(401, 'crispin', 'Crispin', NULL, ''),
(402, 'invoice_no', 'Invoice No', NULL, 'facture numero');

-- --------------------------------------------------------

--
-- Structure de la table `log_info`
--

CREATE TABLE `log_info` (
  `log_id` int(11) UNSIGNED NOT NULL,
  `email` varchar(100) NOT NULL,
  `password` varchar(100) NOT NULL,
  `user_type` int(11) NOT NULL,
  `active_status` int(11) NOT NULL DEFAULT '1',
  `logout_time` varchar(120) NOT NULL
) ENGINE=InnoDB DEFAULT CHARSET=utf8;

--
-- Déchargement des données de la table `log_info`
--

INSERT INTO `log_info` (`log_id`, `email`, `password`, `user_type`, `active_status`, `logout_time`) VALUES
(1, 'admin@gmail.com', 'e10adc3949ba59abbe56e057f20f883e', 1, 1, ''),
(8, 'd1@gmail.com', 'e10adc3949ba59abbe56e057f20f883e', 2, 1, ''),
(10, 'user@gmail.com', 'e10adc3949ba59abbe56e057f20f883e', 3, 1, ''),
(11, 'test13@gmail.com', 'e10adc3949ba59abbe56e057f20f883e', 2, 1, ''),
(13, 'test54@gmail.com', 'e10adc3949ba59abbe56e057f20f883e', 3, 1, ''),
(14, 'johan@gmail.com', 'e10adc3949ba59abbe56e057f20f883e', 2, 1, '');

-- --------------------------------------------------------

--
-- Structure de la table `medicine`
--

CREATE TABLE `medicine` (
  `medicine_id` int(11) NOT NULL,
  `classification` varchar(255) DEFAULT NULL,
  `symptom` text,
  `treatment` text,
  `medicine` text,
  `cat_id` int(11) DEFAULT NULL,
  `lang_id` int(11) DEFAULT NULL,
  `diagonisis` text
) ENGINE=InnoDB DEFAULT CHARSET=utf8;

--
-- Déchargement des données de la table `medicine`
--

INSERT INTO `medicine` (`medicine_id`, `classification`, `symptom`, `treatment`, `medicine`, `cat_id`, `lang_id`, `diagonisis`) VALUES
(1, '1', 'Semptom 1', 'treat ment 1', 'Medicine 1', 1, 1, 'Diagonisis '),
(2, '1', 'Semptom 2', 'treat ment 2', 'Medicine 2', 1, 1, 'Diagonisis 1'),
(3, '2', 'Semptom 3', 'treat ment 3', 'Medicine 3', 2, 2, 'Diagonisis 3'),
(4, '2', 'Semptom 4', 'treat ment 4', 'Medicine 4', 2, 2, 'Diagonisis 4'),
(5, '3', 'Headech', 'heat of body', 'Napa', 3, 2, 'take doctor suggestion');

-- --------------------------------------------------------

--
-- Structure de la table `medicine_herbs`
--

CREATE TABLE `medicine_herbs` (
  `mh_id` int(11) NOT NULL,
  `medicine_id` int(11) DEFAULT NULL,
  `herbs_id` int(11) DEFAULT NULL,
  `lang_id` int(11) DEFAULT NULL
) ENGINE=InnoDB DEFAULT CHARSET=utf8;

--
-- Déchargement des données de la table `medicine_herbs`
--

INSERT INTO `medicine_herbs` (`mh_id`, `medicine_id`, `herbs_id`, `lang_id`) VALUES
(1, 1, 1, 1),
(2, 2, 3, 1),
(3, 3, 2, 2),
(4, 3, 4, 2),
(5, 3, 5, 2),
(6, 3, 7, 2),
(7, 4, 0, 2),
(8, 4, 5, 2),
(9, 5, 8, 3),
(10, 5, 9, 3),
(11, 6, 8, 3),
(12, 6, 0, 3),
(13, 6, 13, 3),
(14, 6, 0, 3),
(15, 6, 0, 3),
(16, 6, 15, 3),
(17, 6, 16, 3),
(18, 6, 17, 3),
(19, 5, 4, 2);

-- --------------------------------------------------------

--
-- Structure de la table `medicine_temp`
--

CREATE TABLE `medicine_temp` (
  `id` int(11) NOT NULL,
  `session_id` int(11) DEFAULT NULL,
  `patient_id` text,
  `medicine_name` text,
  `herbs` text
) ENGINE=InnoDB DEFAULT CHARSET=utf8;

-- --------------------------------------------------------

--
-- Structure de la table `patient_medical_info`
--

CREATE TABLE `patient_medical_info` (
  `pmi_id` int(11) NOT NULL,
  `patient_id` text,
  `dob` varchar(200) DEFAULT NULL,
  `food_allergies` text,
  `bleed_tendency` text,
  `heart_disease` text,
  `diabetic` text,
  `high_blood_pressure` text,
  `surgeries` text,
  `accidents` text,
  `others` text,
  `high_risk_diseases` text,
  `family_history` text,
  `current_medication` text,
  `female_pregnent` text,
  `female_breast_feeding` text,
  `others_msurance` text,
  `others_comcare` text,
  `others_tac` text,
  `others_low_income` text,
  `others_reffer` text,
  `subscription` text
) ENGINE=InnoDB DEFAULT CHARSET=utf8;

--
-- Déchargement des données de la table `patient_medical_info`
--

INSERT INTO `patient_medical_info` (`pmi_id`, `patient_id`, `dob`, `food_allergies`, `bleed_tendency`, `heart_disease`, `diabetic`, `high_blood_pressure`, `surgeries`, `accidents`, `others`, `high_risk_diseases`, `family_history`, `current_medication`, `female_pregnent`, `female_breast_feeding`, `others_msurance`, `others_comcare`, `others_tac`, `others_low_income`, `others_reffer`, `subscription`) VALUES
(17, 'P17LC5H', '1994-09-17', 'test', 'test', 'Yes', 'Yes', 'Yes', 'Yes', 'Yes', 'Yes', 'test', ' test', 'test', 'Yes', 'Yes', 'Yes', 'Yes', 'Yes', 'Pensioner', 'Friend', 'Yes'),
(18, NULL, '1991-10-31', 'test', 'teste', 'Yes', 'Yes', 'Yes', 'Yes', 'Yes', 'Yes', 'test', '  test', 'test', 'Yes', 'Yes', 'Yes', 'Yes', 'Yes', 'Pensioner', 'Friend', 'Yes'),
(19, NULL, '1983-10-31', 'test', 'test', 'Yes', 'Yes', 'Yes', 'Yes', 'Yes', 'Yes', 'test', ' test', 'test', 'Yes', 'Yes', 'Yes', 'Yes', 'Yes', 'Pensioner', 'Friend', 'Yes'),
(20, NULL, '1983-10-31', 'test', 'test', 'Yes', 'Yes', 'Yes', 'Yes', 'Yes', 'Yes', 'test', '  test', 'test', 'Yes', 'Yes', 'Yes', 'Yes', 'Yes', 'Pensioner', 'Friend', 'Yes'),
(21, 'P17RFVG', '1972-11-20', 'yes', 'No', 'Yes', 'Yes', 'Yes', 'Yes', 'Yes', 'Yes', 'No', ' ', '', 'Yes', 'Yes', 'Yes', 'Yes', 'Yes', 'Pensioner', 'Friend', 'Yes'),
(22, 'P17K8JD', '1961-11-20', '', '', 'Yes', 'Yes', 'Yes', 'Yes', 'Yes', 'Yes', '', '   ', '', 'Yes', 'Yes', 'Yes', 'Yes', 'Yes', 'Pensioner', 'Friend', 'Yes'),
(23, 'P17YVT8', '1972-11-21', '', '', 'Yes', 'Yes', 'Yes', 'Yes', 'Yes', 'Yes', '', ' ', '', 'Yes', 'Yes', 'Yes', 'Yes', 'Yes', 'Pensioner', 'Friend', 'Yes'),
(24, 'P20C2E2', '1970-01-01', '', '', 'No', 'No', 'No', 'No', 'Yes', 'No', 'KK', ' JJJJJJJJJJJJJJJJJJJJJJJ', 'HHHHHHHHHHHHHHHHHHHHHHHHHHHHHHHHHHH', 'Yes', 'Yes', 'Yes', 'Yes', 'Yes', 'Pensioner', 'Friend', 'Yes');

-- --------------------------------------------------------

--
-- Structure de la table `patient_tbl`
--

CREATE TABLE `patient_tbl` (
  `patient_id` varchar(250) NOT NULL,
  `family_name` text NOT NULL,
  `given_name` text NOT NULL,
  `patient_email` varchar(120) DEFAULT NULL,
  `patient_phone` varchar(15) DEFAULT NULL,
  `mobile_number` varchar(222) DEFAULT NULL,
  `title` text,
  `post_code` varchar(210) DEFAULT NULL,
  `suburb` text,
  `address` text,
  `sex` varchar(120) DEFAULT NULL,
  `birth_date` date NOT NULL,
  `blood_group` varchar(250) NOT NULL,
  `picture` varchar(250) DEFAULT NULL,
  `emg_title` text,
  `emg_family_name` text,
  `emg_given_name` text,
  `emg_phone` varchar(210) DEFAULT NULL,
  `emg_mobile` varchar(210) DEFAULT NULL,
  `create_by` int(11) DEFAULT NULL,
  `create_date` datetime NOT NULL
) ENGINE=InnoDB DEFAULT CHARSET=utf8;

--
-- Déchargement des données de la table `patient_tbl`
--

INSERT INTO `patient_tbl` (`patient_id`, `family_name`, `given_name`, `patient_email`, `patient_phone`, `mobile_number`, `title`, `post_code`, `suburb`, `address`, `sex`, `birth_date`, `blood_group`, `picture`, `emg_title`, `emg_family_name`, `emg_given_name`, `emg_phone`, `emg_mobile`, `create_by`, `create_date`) VALUES
('P17K8JD', 'Robert', 'Seha', 'hena@gmail.com', '534535345345', '34534535354', 'Mr', '1254', '', '98 Green Road, farmgate', 'Female', '1961-11-20', '', '', 'Mr', 'jhana', 'Rehana', '42342342345', '34532452345', 1, '2017-11-20 03:32:53'),
('P17RFVG', 'Khali', 'Komi', 'komo@gmail.com', '+102-9333-29343', '+192-34329876', 'Mr', '1215', '', '98 Green Road, Farmgate, Dhaka-1215', 'Male', '1972-11-20', 'A+', 'http://clinic365.bdtask.com/./assets/uploads/patient/bdtask.jpg', 'Mr', 'jhana', 'Rehana', '+102-9333-29343', '2-9333-29343', 1, '2017-11-20 03:28:11'),
('P17YVT8', 'fsdf', 'fgdfg', 'doctor@gmail.com', '35235345', '353535', 'sfsd', '3454', 'dfg', 'dgffg', 'Male', '1972-11-21', 'A+', '', 'dfgdg', 'dgdgf', 'dgdg', '423453245', '3453425532', 14, '2017-11-21 10:57:05'),
('P20C2E2', 'kalewo', 'gloria', 'GLORIA@GMAIL.COM', '098765432', '0976543546', 'consultation', '777', '', '', 'Female', '1970-01-01', 'A-', 'http://localhost/clinique/./assets/uploads/patient/IMG_20.jpg', 'JJJJJJJJJJJJJJJJJJJJJJJJJJJ', 'JJJJJJJJJJJJJJJ', '', 'LLL999999', '099999999', 1, '2020-12-03 06:38:20');

-- --------------------------------------------------------

--
-- Structure de la table `payment_account_setup`
--

CREATE TABLE `payment_account_setup` (
  `set_up_id` int(11) NOT NULL,
  `doctor_id` int(11) NOT NULL,
  `paypal_email` varchar(200) NOT NULL,
  `amount` double NOT NULL
) ENGINE=InnoDB DEFAULT CHARSET=utf8;

--
-- Déchargement des données de la table `payment_account_setup`
--

INSERT INTO `payment_account_setup` (`set_up_id`, `doctor_id`, `paypal_email`, `amount`) VALUES
(1, 1, 'test@gmail.com', 25);

-- --------------------------------------------------------

--
-- Structure de la table `payment_table`
--

CREATE TABLE `payment_table` (
  `payment_id` int(11) NOT NULL,
  `appointment_id` varchar(200) NOT NULL,
  `patient_id` varchar(200) NOT NULL,
  `doctor_id` int(11) NOT NULL,
  `amount` double NOT NULL,
  `payer_email` varchar(200) NOT NULL,
  `date_time` datetime NOT NULL,
  `payment_status` int(11) NOT NULL DEFAULT '1',
  `notes` text
) ENGINE=InnoDB DEFAULT CHARSET=utf8;

-- --------------------------------------------------------

--
-- Structure de la table `prescription_data`
--

CREATE TABLE `prescription_data` (
  `prescription_id` int(11) NOT NULL,
  `data` text,
  `patient_id` text,
  `doctor_id` int(11) DEFAULT NULL,
  `create_date_time` datetime DEFAULT NULL,
  `appointment_id` text
) ENGINE=InnoDB DEFAULT CHARSET=utf8;

--
-- Déchargement des données de la table `prescription_data`
--

INSERT INTO `prescription_data` (`prescription_id`, `data`, `patient_id`, `doctor_id`, `create_date_time`, `appointment_id`) VALUES
(1, '{\"chief_complain\":\"dfgdfgsdfgsdf\",\"medicine_data\":{\"medicine\":[{\"medicine\":\"Napa\",\"harbs\":\"h3,h4,herbs4,\",\"comment\":\"Before Meal\"},{\"medicine\":\"Napa\",\"harbs\":\"h3,h4,hers ,do\",\"comment\":\"After Meal\"}]},\"inspecsion\":\"\",\"treatment\":\"\",\"tretment_plan\":\"\",\"treatment_goals\":\"\",\"doctor_told\":\"\",\"treatment_effect\":\"\",\"treatment_evaluation\":\"\",\"referral_doctor\":\"\",\"work_injury\":\"\",\"traffic_accident\":\"\",\"veteran_number\":\"\",\"custom_receipt\":\"\",\"diagnostics\":\"\",\"additional_info\":\"\",\"overall_comment\":\"\"}', 'P17K8JD', 5, '2017-11-20 09:53:05', 'A17JR0IC'),
(2, '{\"chief_complain\":\"\",\"medicine_data\":{\"medicine\":[{\"medicine\":\"Napa\",\"harbs\":\"h3,h4,herbs4,\",\"comment\":\"\"},{\"medicine\":\"Napa\",\"harbs\":\"h3,h4,herbs4,\",\"comment\":\"\"}]},\"inspecsion\":\"\",\"treatment\":\"\",\"tretment_plan\":\"\",\"treatment_goals\":\"\",\"doctor_told\":\"\",\"treatment_effect\":\"\",\"treatment_evaluation\":\"\",\"referral_doctor\":\"\",\"work_injury\":\"\",\"traffic_accident\":\"\",\"veteran_number\":\"\",\"custom_receipt\":\"\",\"diagnostics\":\"\",\"additional_info\":\"\",\"overall_comment\":\"\"}', 'P17YVT8', 5, '2017-11-21 04:58:07', 'A17R72WB');

-- --------------------------------------------------------

--
-- Structure de la table `pres_language`
--

CREATE TABLE `pres_language` (
  `lang_id` int(11) NOT NULL,
  `lang_name` text NOT NULL
) ENGINE=InnoDB DEFAULT CHARSET=utf8;

--
-- Déchargement des données de la table `pres_language`
--

INSERT INTO `pres_language` (`lang_id`, `lang_name`) VALUES
(1, 'Bangla'),
(2, 'English'),
(3, 'Spanish'),
(4, 'Hindi');

-- --------------------------------------------------------

--
-- Structure de la table `print_pattern`
--

CREATE TABLE `print_pattern` (
  `id` int(11) NOT NULL,
  `pattern_no` text NOT NULL,
  `header_height` int(11) DEFAULT NULL,
  `header_width` int(11) DEFAULT NULL,
  `footer_height` int(11) DEFAULT NULL,
  `footer_width` int(11) DEFAULT NULL,
  `content_height_1` int(11) DEFAULT NULL,
  `content_width_1` int(11) DEFAULT NULL,
  `content_height_2` int(11) DEFAULT NULL,
  `content_width_2` int(11) DEFAULT NULL,
  `pattern_status` int(11) NOT NULL DEFAULT '1'
) ENGINE=InnoDB DEFAULT CHARSET=utf8;

--
-- Déchargement des données de la table `print_pattern`
--

INSERT INTO `print_pattern` (`id`, `pattern_no`, `header_height`, `header_width`, `footer_height`, `footer_width`, `content_height_1`, `content_width_1`, `content_height_2`, `content_width_2`, `pattern_status`) VALUES
(1, 'pattern_two', 250, 800, 200, 800, 300, 800, 300, 800, 1);

-- --------------------------------------------------------

--
-- Structure de la table `schedul_setup_tbl`
--

CREATE TABLE `schedul_setup_tbl` (
  `schedul_id` int(11) UNSIGNED NOT NULL,
  `doctor_id` int(11) NOT NULL,
  `start_time` time NOT NULL,
  `end_time` time NOT NULL,
  `day` int(11) NOT NULL,
  `per_patient_time` int(11) NOT NULL,
  `visibility` int(11) NOT NULL,
  `status` int(11) NOT NULL DEFAULT '1'
) ENGINE=InnoDB DEFAULT CHARSET=utf8;

--
-- Déchargement des données de la table `schedul_setup_tbl`
--

INSERT INTO `schedul_setup_tbl` (`schedul_id`, `doctor_id`, `start_time`, `end_time`, `day`, `per_patient_time`, `visibility`, `status`) VALUES
(2, 2, '10:00:00', '15:00:00', 3, 30, 1, 1),
(3, 2, '10:00:00', '19:00:00', 6, 30, 1, 1),
(4, 3, '10:00:00', '19:00:00', 7, 30, 1, 1),
(6, 3, '09:00:00', '19:00:00', 4, 30, 1, 1),
(7, 3, '09:00:00', '19:00:00', 5, 30, 1, 1),
(8, 3, '09:00:00', '19:00:00', 2, 30, 1, 1),
(9, 4, '10:00:00', '15:00:00', 3, 30, 1, 1),
(10, 4, '10:00:00', '15:00:00', 4, 30, 1, 1),
(11, 4, '10:00:00', '15:00:00', 5, 30, 1, 1),
(12, 5, '02:00:00', '18:00:00', 3, 5, 1, 1),
(13, 5, '02:00:00', '18:00:00', 4, 5, 1, 1),
(14, 5, '02:00:00', '18:00:00', 5, 5, 1, 1),
(15, 5, '02:00:00', '18:00:00', 6, 5, 1, 1),
(16, 5, '02:00:00', '18:00:00', 7, 5, 1, 1),
(17, 5, '02:00:00', '18:00:00', 1, 5, 1, 1),
(18, 5, '02:00:00', '18:00:00', 2, 5, 1, 1);

-- --------------------------------------------------------

--
-- Structure de la table `section`
--

CREATE TABLE `section` (
  `ms_id` int(11) NOT NULL,
  `section_name` text,
  `lang_id` int(11) DEFAULT NULL
) ENGINE=InnoDB DEFAULT CHARSET=utf8;

--
-- Déchargement des données de la table `section`
--

INSERT INTO `section` (`ms_id`, `section_name`, `lang_id`) VALUES
(1, 'Section One', 1),
(4, 'Section two', 2),
(5, 'Section Three', 2);

-- --------------------------------------------------------

--
-- Structure de la table `service_info`
--

CREATE TABLE `service_info` (
  `id` int(11) NOT NULL,
  `service_name` text NOT NULL,
  `service_price` int(11) NOT NULL,
  `description` text,
  `tax` int(11) DEFAULT NULL,
  `model` varchar(122) NOT NULL
) ENGINE=InnoDB DEFAULT CHARSET=utf8;

--
-- Déchargement des données de la table `service_info`
--

INSERT INTO `service_info` (`id`, `service_name`, `service_price`, `description`, `tax`, `model`) VALUES
(1, 'Service One', 900, 'There are many variations of passages of Lorem Ipsum available,', 14, 'S2'),
(2, 'Service two', 800, 'sss', 15, 'ss33'),
(3, 'Service Three', 500, 'ssssssssssss', 25, 'sssts'),
(4, 'special herbs', 100, 'testing', 10, 'what is service model?'),
(6, 'Service Five', 700, 'sssssssss', 70, 'F5'),
(7, 'medicine5', 300, 'dfsdf', 30, '345');

-- --------------------------------------------------------

--
-- Structure de la table `sms_delivery`
--

CREATE TABLE `sms_delivery` (
  `sms_delivery_id` int(11) NOT NULL,
  `ss_id` int(11) NOT NULL,
  `delivery_date_time` datetime NOT NULL,
  `sms_info_id` int(11) NOT NULL,
  `message` text NOT NULL
) ENGINE=InnoDB DEFAULT CHARSET=utf8;

-- --------------------------------------------------------

--
-- Structure de la table `sms_gateway`
--

CREATE TABLE `sms_gateway` (
  `gateway_id` int(11) NOT NULL,
  `provider_name` text NOT NULL,
  `user` varchar(150) NOT NULL,
  `password` varchar(150) NOT NULL,
  `authentication` text NOT NULL,
  `link` text NOT NULL,
  `default_status` int(11) NOT NULL DEFAULT '0',
  `status` int(11) NOT NULL DEFAULT '1'
) ENGINE=InnoDB DEFAULT CHARSET=utf8;

--
-- Déchargement des données de la table `sms_gateway`
--

INSERT INTO `sms_gateway` (`gateway_id`, `provider_name`, `user`, `password`, `authentication`, `link`, `default_status`, `status`) VALUES
(1, 'nexmo', 'nexmo', 'sssss', 'ssss', 'https://www.nexmo.com/', 1, 1);

-- --------------------------------------------------------

--
-- Structure de la table `sms_info`
--

CREATE TABLE `sms_info` (
  `sms_info_id` int(11) NOT NULL,
  `doctor_id` int(11) NOT NULL,
  `patient_id` varchar(100) NOT NULL,
  `phone_no` varchar(250) NOT NULL,
  `appointment_date` datetime NOT NULL,
  `appointment_id` varchar(250) NOT NULL,
  `status` int(11) NOT NULL DEFAULT '0',
  `sms_counter` int(11) NOT NULL DEFAULT '0'
) ENGINE=InnoDB DEFAULT CHARSET=utf8;

--
-- Déchargement des données de la table `sms_info`
--

INSERT INTO `sms_info` (`sms_info_id`, `doctor_id`, `patient_id`, `phone_no`, `appointment_date`, `appointment_id`, `status`, `sms_counter`) VALUES
(1, 5, 'P17K8JD', '534535345345', '2017-11-20 02:00:00', 'A17JR0IC', 0, 0),
(2, 5, 'P17YVT8', '35235345', '2017-11-21 02:00:00', 'A17R72WB', 0, 0),
(3, 5, 'P20C2E2', '098765432', '2020-12-12 02:00:00', 'A20SAMHN', 0, 0);

-- --------------------------------------------------------

--
-- Structure de la table `sms_schedule`
--

CREATE TABLE `sms_schedule` (
  `ss_id` int(11) NOT NULL,
  `ss_teamplate_id` int(11) NOT NULL,
  `ss_name` text NOT NULL,
  `ss_schedule` varchar(100) NOT NULL,
  `ss_status` int(11) NOT NULL DEFAULT '1'
) ENGINE=InnoDB DEFAULT CHARSET=utf8;

-- --------------------------------------------------------

--
-- Structure de la table `sms_teamplate`
--

CREATE TABLE `sms_teamplate` (
  `teamplate_id` int(11) NOT NULL,
  `teamplate_name` text,
  `teamplate` text,
  `status` int(11) NOT NULL DEFAULT '1',
  `default_status` int(11) NOT NULL DEFAULT '0'
) ENGINE=InnoDB DEFAULT CHARSET=utf8;

--
-- Déchargement des données de la table `sms_teamplate`
--

INSERT INTO `sms_teamplate` (`teamplate_id`, `teamplate_name`, `teamplate`, `status`, `default_status`) VALUES
(1, 'Template One', 'ssss', 1, 1);

-- --------------------------------------------------------

--
-- Structure de la table `users_tbl`
--

CREATE TABLE `users_tbl` (
  `user_id` int(11) UNSIGNED NOT NULL,
  `log_id` int(11) NOT NULL,
  `full_name` varchar(200) NOT NULL,
  `user_email` varchar(55) NOT NULL,
  `user_phone` varchar(15) DEFAULT NULL,
  `birth_date` varchar(55) DEFAULT NULL,
  `sex` varchar(55) DEFAULT NULL,
  `blood_group` varchar(12) DEFAULT NULL,
  `address` text,
  `picture` varchar(100) DEFAULT NULL,
  `create_date` datetime NOT NULL
) ENGINE=InnoDB DEFAULT CHARSET=utf8;

--
-- Déchargement des données de la table `users_tbl`
--

INSERT INTO `users_tbl` (`user_id`, `log_id`, `full_name`, `user_email`, `user_phone`, `birth_date`, `sex`, `blood_group`, `address`, `picture`, `create_date`) VALUES
(2, 10, 'Gloria kalewo mwika', 'gloriakalewo@gmail.com', '01751194212', '1992-11-05', 'Female', 'A+', '                                            Address                                                                                                             ', 'http://localhost/clinique/./assets/uploads/users/me-160.jpg', '2017-11-05 01:00:07'),
(3, 13, 'test', 'test54@gmail.com', '01751194212', '1992-11-05', 'Male', 'A-', ' sdfsdf', '', '2017-11-05 06:28:37');

-- --------------------------------------------------------

--
-- Structure de la table `web_pages_tbl`
--

CREATE TABLE `web_pages_tbl` (
  `id` int(11) UNSIGNED NOT NULL,
  `name` text,
  `details` text,
  `sequence` int(11) DEFAULT NULL,
  `date` date DEFAULT NULL,
  `icon` text,
  `picture` varchar(250) DEFAULT NULL,
  `head_line` text,
  `status` int(11) NOT NULL DEFAULT '1'
) ENGINE=InnoDB DEFAULT CHARSET=utf8;

--
-- Déchargement des données de la table `web_pages_tbl`
--

INSERT INTO `web_pages_tbl` (`id`, `name`, `details`, `sequence`, `date`, `icon`, `picture`, `head_line`, `status`) VALUES
(1, 'phone', '0973542503', NULL, NULL, NULL, NULL, NULL, 1),
(2, 'email', 'gloriakalewo@gmail.com', NULL, NULL, NULL, NULL, NULL, 1),
(3, 'facebook', 'facebook.com/', NULL, NULL, NULL, NULL, NULL, 1),
(4, 'twitter', '', NULL, NULL, NULL, NULL, NULL, 1),
(5, 'linkedin', '', NULL, NULL, NULL, NULL, NULL, 1),
(6, 'youtube', '', NULL, NULL, NULL, NULL, NULL, 1),
(7, 'google', '', NULL, NULL, NULL, NULL, NULL, 1),
(8, 'hotline', '0973542503', NULL, NULL, NULL, NULL, NULL, 1),
(9, 'working_des', '                                                                                                                                                                                                                                                                                                                                                                                                                                                                                                                                                                                                                                                                                                                                                                                                            <p>                                       There are many variations of passages of Lorem Ipsum available, but the \r\nmajority have suffered alteration in some form, by injected humour, or \r\nrandomised words which don\'t look even slightly believable. If you are \r\ngoing to use a passage of Lorem Ipsum, <br></p>                                                                                                                                                                                                                                                                                                                                                                                                                                                                                                                                                                                                                                                                                                                            ', NULL, NULL, NULL, NULL, NULL, 1),
(10, 'logo', NULL, NULL, NULL, NULL, 'http://localhost/clinique/./assets/uploads/images/gloria.png', NULL, 1),
(11, 'app_image', NULL, NULL, NULL, NULL, 'http://softest1.bdtask.com/clinic/./assets/uploads/images/tech-w.png', NULL, 1),
(12, 'about_img', NULL, NULL, NULL, NULL, 'http://softest1.bdtask.com/clinic/./assets/uploads/images/depart.jpg', NULL, 1),
(13, 'google_map', '                                                                                                                                                                                                                                                                                                                                                                                                                                                                                                                                                                                                                                                                                                                                                                                   <iframe src=\"https://www.google.com/maps/embed?pb=!1m18!1m12!1m3!1d3651.338167485426!2d90.36570495018637!3d23.77096939383232!2m3!1f0!2f0!3f0!3m2!1i1024!2i768!4f13.1!3m3!1m2!1s0x3755c0aee2dbc1e9%3A0xa7cf8e13f79ef43c!2sVictoria+Medical+Services+Limited!5e0!3m2!1sbn!2sbd!4v1494944238848\" width=\"600\" height=\"450\" frameborder=\"0\" style=\"border:0\" allowfullscreen></iframe>                                                                                                                                                                                                                                                                                                                                                                                                                                                                                                                                                                                                                                                                                                                                                                                                                                                                                                                           ', NULL, NULL, NULL, NULL, NULL, 1),
(14, 'total_appointment_details', 'There are many variations of passages of Lorem Ipsum available,', NULL, NULL, NULL, NULL, NULL, 1),
(15, 'today_appointment_details', 'There are many variations of passages of Lorem Ipsum available,', NULL, NULL, NULL, NULL, NULL, 1),
(16, 'total_patient_details', 'There are many variations of passages of Lorem Ipsum available,', NULL, NULL, NULL, NULL, NULL, 1),
(17, 'address', '                                                                                                                                                                                                                                                                                                                                                                                                                                             Kalubwe/du foyer commune de l\'shi                                                                                                                                                                                                                                                                                                                                                                                                                                                                                                                                                                                                                                                                                                                                        ', NULL, NULL, NULL, NULL, NULL, 1),
(18, 'twitter_post', '                                                                                                                                                                                                                                                                                                                                                                                                                                                                                                                                                                                                                                                                                                                                                                                      <a class=\"twitter-timeline\" data-height=\"260\" data-dnt=\"true\" href=\"https://twitter.com/TwitterDev\">Tweets by TwitterDev</a> <script async src=\"//platform.twitter.com/widgets.js\" charset=\"utf-8\"></script>                                                                                                                                                                                                                                                                                                                                                                                                                                                                                                                                                                                                                                                                                                                                                                                                                                                                                                                     ', NULL, NULL, NULL, NULL, NULL, 1),
(19, 'footer_picture', NULL, NULL, NULL, NULL, 'http://localhost/bdc/clinick/./assets/uploads/images/212.png', NULL, 1),
(20, 'footer_picture', NULL, NULL, NULL, NULL, 'http://localhost/bdc/clinick/./assets/uploads/images/212.png', NULL, 1),
(21, 'copy_right', '<p>Developed By <a href=\"https://sehalab.com/\">Gloria MWIKA KALEWO</a></p>', NULL, NULL, NULL, NULL, NULL, 1),
(22, 'website_title', 'TFC-GLORIA', NULL, NULL, NULL, NULL, NULL, 1),
(23, 'timezone', 'Africa/Lubumbashi', NULL, NULL, NULL, NULL, NULL, 1),
(24, 'youtube_chanel_id', '', NULL, NULL, NULL, NULL, NULL, 1),
(25, 'website_on_off', 'on', NULL, NULL, NULL, NULL, NULL, 1),
(26, 'footer_picture', NULL, NULL, NULL, NULL, 'http://localhost/bdc/clinick/./assets/uploads/images/212.png', NULL, 1),
(27, 'footer_picture', NULL, NULL, NULL, NULL, 'http://localhost/bdc/clinick/./assets/uploads/images/212.png', NULL, 1),
(28, 'footer_picture', NULL, NULL, NULL, NULL, 'http://localhost/bdc/clinick/./assets/uploads/images/212.png', NULL, 1),
(29, 'footer_picture', NULL, NULL, NULL, NULL, 'http://localhost/bdc/clinick/./assets/uploads/images/212.png', NULL, 1),
(30, 'footer_picture', NULL, NULL, NULL, NULL, 'http://localhost/bdc/clinick/./assets/uploads/images/doctor2.png', NULL, 1),
(31, 'footer_picture', NULL, NULL, NULL, NULL, 'http://localhost/bdc/clinick/./assets/uploads/images/doctor2.png', NULL, 1),
(32, 'footer_picture', NULL, NULL, NULL, NULL, 'http://localhost/bdc/clinick/./assets/uploads/images/doctor2.png', NULL, 1),
(33, 'footer_picture', NULL, NULL, NULL, NULL, 'http://softest1.bdtask.com/clinick/./assets/uploads/images/doctor.png', NULL, 1),
(34, 'footer_picture', NULL, NULL, NULL, NULL, 'http://softest1.bdtask.com/clinick/./assets/uploads/images/doctor.png', NULL, 1),
(35, 'footer_picture', NULL, NULL, NULL, NULL, 'http://softest1.bdtask.com/clinic/./assets/uploads/images/doctor.png', NULL, 1),
(36, 'footer_picture', NULL, NULL, NULL, NULL, 'http://softest1.bdtask.com/clinic/./assets/uploads/images/doctor.png', NULL, 1),
(37, 'footer_picture', NULL, NULL, NULL, NULL, 'http://softest1.bdtask.com/clinic/./assets/uploads/images/doctor.png', NULL, 1),
(38, 'footer_picture', NULL, NULL, NULL, NULL, 'http://clinic365.bdtask.com/./assets/uploads/images/clinic3.png', NULL, 1),
(39, 'footer_picture', NULL, NULL, NULL, NULL, 'http://clinic365.bdtask.com/./assets/uploads/images/clinic3.png', NULL, 1),
(40, 'footer_picture', NULL, NULL, NULL, NULL, 'http://clinic365.bdtask.com/./assets/uploads/images/clinic3.png', NULL, 1),
(41, 'footer_picture', NULL, NULL, NULL, NULL, 'http://clinic365.bdtask.com/./assets/uploads/images/clinic3.png', NULL, 1),
(42, 'footer_picture', NULL, NULL, NULL, NULL, 'http://clinic365.bdtask.com/./assets/uploads/images/clinic3.png', NULL, 1),
(43, 'footer_picture', NULL, NULL, NULL, NULL, 'http://localhost/clinique/./assets/uploads/images/gloria1.png', NULL, 1),
(44, 'fabicon', NULL, NULL, NULL, NULL, 'http://softest1.bdtask.com/clinic/./assets/uploads/images/dr-fav.png', NULL, 1);

-- --------------------------------------------------------

--
-- Structure de la vue `action_serial`
--
DROP TABLE IF EXISTS `action_serial`;

CREATE ALGORITHM=UNDEFINED DEFINER=`root`@`localhost` SQL SECURITY DEFINER VIEW `action_serial`  AS  select `appointment_tbl`.`id` AS `id`,`appointment_tbl`.`appointment_id` AS `appointment_id`,`appointment_tbl`.`patient_id` AS `patient_id`,`appointment_tbl`.`phone_number` AS `phone_number`,`appointment_tbl`.`schedul_id` AS `schedul_id`,`appointment_tbl`.`date` AS `date`,`appointment_tbl`.`sequence` AS `sequence`,`appointment_tbl`.`doctor_id` AS `doctor_id`,`appointment_tbl`.`problem` AS `problem`,`appointment_tbl`.`get_date_time` AS `get_date_time`,`appointment_tbl`.`get_by` AS `get_by`,`appointment_tbl`.`status` AS `status`,`schedul_setup_tbl`.`day` AS `day`,`schedul_setup_tbl`.`start_time` AS `start_time`,`schedul_setup_tbl`.`end_time` AS `end_time`,`schedul_setup_tbl`.`per_patient_time` AS `per_patient_time`,`schedul_setup_tbl`.`visibility` AS `visibility` from (`appointment_tbl` join `schedul_setup_tbl`) where ((`appointment_tbl`.`schedul_id` = `schedul_setup_tbl`.`schedul_id`) and (`schedul_setup_tbl`.`status` = '1')) ;

--
-- Index pour les tables déchargées
--

--
-- Index pour la table `appointment_tbl`
--
ALTER TABLE `appointment_tbl`
  ADD PRIMARY KEY (`id`);

--
-- Index pour la table `app_setting`
--
ALTER TABLE `app_setting`
  ADD PRIMARY KEY (`id`);

--
-- Index pour la table `category`
--
ALTER TABLE `category`
  ADD PRIMARY KEY (`mc_id`);

--
-- Index pour la table `ci_sessions`
--
ALTER TABLE `ci_sessions`
  ADD PRIMARY KEY (`id`);

--
-- Index pour la table `classification`
--
ALTER TABLE `classification`
  ADD PRIMARY KEY (`classific_id`);

--
-- Index pour la table `disease`
--
ALTER TABLE `disease`
  ADD PRIMARY KEY (`md_id`);

--
-- Index pour la table `doctor_details`
--
ALTER TABLE `doctor_details`
  ADD PRIMARY KEY (`doctor_details_id`);

--
-- Index pour la table `doctor_tbl`
--
ALTER TABLE `doctor_tbl`
  ADD PRIMARY KEY (`doctor_id`);

--
-- Index pour la table `email_config`
--
ALTER TABLE `email_config`
  ADD PRIMARY KEY (`email_config_id`);

--
-- Index pour la table `email_delivery`
--
ALTER TABLE `email_delivery`
  ADD PRIMARY KEY (`email_delivery_id`);

--
-- Index pour la table `email_info`
--
ALTER TABLE `email_info`
  ADD PRIMARY KEY (`email_info_id`);

--
-- Index pour la table `email_schedule`
--
ALTER TABLE `email_schedule`
  ADD PRIMARY KEY (`email_ss_id`);

--
-- Index pour la table `email_template`
--
ALTER TABLE `email_template`
  ADD PRIMARY KEY (`email_temp_id`);

--
-- Index pour la table `emergency_stop_tbl`
--
ALTER TABLE `emergency_stop_tbl`
  ADD PRIMARY KEY (`stop_id`);

--
-- Index pour la table `herbs`
--
ALTER TABLE `herbs`
  ADD PRIMARY KEY (`herbs_id`);

--
-- Index pour la table `insurance`
--
ALTER TABLE `insurance`
  ADD PRIMARY KEY (`insurance_id`);

--
-- Index pour la table `invoice`
--
ALTER TABLE `invoice`
  ADD PRIMARY KEY (`invoice_id`);

--
-- Index pour la table `invoice_product`
--
ALTER TABLE `invoice_product`
  ADD PRIMARY KEY (`inv_p_id`);

--
-- Index pour la table `language`
--
ALTER TABLE `language`
  ADD PRIMARY KEY (`id`);

--
-- Index pour la table `log_info`
--
ALTER TABLE `log_info`
  ADD PRIMARY KEY (`log_id`);

--
-- Index pour la table `medicine`
--
ALTER TABLE `medicine`
  ADD PRIMARY KEY (`medicine_id`);

--
-- Index pour la table `medicine_herbs`
--
ALTER TABLE `medicine_herbs`
  ADD PRIMARY KEY (`mh_id`);

--
-- Index pour la table `medicine_temp`
--
ALTER TABLE `medicine_temp`
  ADD PRIMARY KEY (`id`);

--
-- Index pour la table `patient_medical_info`
--
ALTER TABLE `patient_medical_info`
  ADD PRIMARY KEY (`pmi_id`);

--
-- Index pour la table `patient_tbl`
--
ALTER TABLE `patient_tbl`
  ADD PRIMARY KEY (`patient_id`);

--
-- Index pour la table `payment_account_setup`
--
ALTER TABLE `payment_account_setup`
  ADD PRIMARY KEY (`set_up_id`);

--
-- Index pour la table `payment_table`
--
ALTER TABLE `payment_table`
  ADD PRIMARY KEY (`payment_id`);

--
-- Index pour la table `prescription_data`
--
ALTER TABLE `prescription_data`
  ADD PRIMARY KEY (`prescription_id`);

--
-- Index pour la table `pres_language`
--
ALTER TABLE `pres_language`
  ADD PRIMARY KEY (`lang_id`);

--
-- Index pour la table `print_pattern`
--
ALTER TABLE `print_pattern`
  ADD PRIMARY KEY (`id`);

--
-- Index pour la table `schedul_setup_tbl`
--
ALTER TABLE `schedul_setup_tbl`
  ADD PRIMARY KEY (`schedul_id`);

--
-- Index pour la table `section`
--
ALTER TABLE `section`
  ADD PRIMARY KEY (`ms_id`);

--
-- Index pour la table `service_info`
--
ALTER TABLE `service_info`
  ADD PRIMARY KEY (`id`);

--
-- Index pour la table `sms_delivery`
--
ALTER TABLE `sms_delivery`
  ADD PRIMARY KEY (`sms_delivery_id`);

--
-- Index pour la table `sms_gateway`
--
ALTER TABLE `sms_gateway`
  ADD PRIMARY KEY (`gateway_id`);

--
-- Index pour la table `sms_info`
--
ALTER TABLE `sms_info`
  ADD PRIMARY KEY (`sms_info_id`);

--
-- Index pour la table `sms_schedule`
--
ALTER TABLE `sms_schedule`
  ADD PRIMARY KEY (`ss_id`);

--
-- Index pour la table `sms_teamplate`
--
ALTER TABLE `sms_teamplate`
  ADD PRIMARY KEY (`teamplate_id`);

--
-- Index pour la table `users_tbl`
--
ALTER TABLE `users_tbl`
  ADD PRIMARY KEY (`user_id`);

--
-- Index pour la table `web_pages_tbl`
--
ALTER TABLE `web_pages_tbl`
  ADD PRIMARY KEY (`id`);

--
-- AUTO_INCREMENT pour les tables déchargées
--

--
-- AUTO_INCREMENT pour la table `appointment_tbl`
--
ALTER TABLE `appointment_tbl`
  MODIFY `id` int(11) UNSIGNED NOT NULL AUTO_INCREMENT, AUTO_INCREMENT=4;

--
-- AUTO_INCREMENT pour la table `app_setting`
--
ALTER TABLE `app_setting`
  MODIFY `id` int(11) NOT NULL AUTO_INCREMENT, AUTO_INCREMENT=2;

--
-- AUTO_INCREMENT pour la table `category`
--
ALTER TABLE `category`
  MODIFY `mc_id` int(11) NOT NULL AUTO_INCREMENT, AUTO_INCREMENT=4;

--
-- AUTO_INCREMENT pour la table `classification`
--
ALTER TABLE `classification`
  MODIFY `classific_id` int(11) NOT NULL AUTO_INCREMENT, AUTO_INCREMENT=4;

--
-- AUTO_INCREMENT pour la table `disease`
--
ALTER TABLE `disease`
  MODIFY `md_id` int(11) NOT NULL AUTO_INCREMENT, AUTO_INCREMENT=26;

--
-- AUTO_INCREMENT pour la table `doctor_details`
--
ALTER TABLE `doctor_details`
  MODIFY `doctor_details_id` int(11) UNSIGNED NOT NULL AUTO_INCREMENT;

--
-- AUTO_INCREMENT pour la table `doctor_tbl`
--
ALTER TABLE `doctor_tbl`
  MODIFY `doctor_id` int(11) UNSIGNED NOT NULL AUTO_INCREMENT, AUTO_INCREMENT=6;

--
-- AUTO_INCREMENT pour la table `email_config`
--
ALTER TABLE `email_config`
  MODIFY `email_config_id` int(11) NOT NULL AUTO_INCREMENT, AUTO_INCREMENT=2;

--
-- AUTO_INCREMENT pour la table `email_delivery`
--
ALTER TABLE `email_delivery`
  MODIFY `email_delivery_id` int(11) NOT NULL AUTO_INCREMENT, AUTO_INCREMENT=4;

--
-- AUTO_INCREMENT pour la table `email_info`
--
ALTER TABLE `email_info`
  MODIFY `email_info_id` int(11) NOT NULL AUTO_INCREMENT, AUTO_INCREMENT=4;

--
-- AUTO_INCREMENT pour la table `email_schedule`
--
ALTER TABLE `email_schedule`
  MODIFY `email_ss_id` int(11) NOT NULL AUTO_INCREMENT;

--
-- AUTO_INCREMENT pour la table `email_template`
--
ALTER TABLE `email_template`
  MODIFY `email_temp_id` int(11) NOT NULL AUTO_INCREMENT, AUTO_INCREMENT=2;

--
-- AUTO_INCREMENT pour la table `emergency_stop_tbl`
--
ALTER TABLE `emergency_stop_tbl`
  MODIFY `stop_id` int(11) UNSIGNED NOT NULL AUTO_INCREMENT;

--
-- AUTO_INCREMENT pour la table `herbs`
--
ALTER TABLE `herbs`
  MODIFY `herbs_id` int(11) NOT NULL AUTO_INCREMENT, AUTO_INCREMENT=16;

--
-- AUTO_INCREMENT pour la table `insurance`
--
ALTER TABLE `insurance`
  MODIFY `insurance_id` int(11) NOT NULL AUTO_INCREMENT;

--
-- AUTO_INCREMENT pour la table `invoice`
--
ALTER TABLE `invoice`
  MODIFY `invoice_id` int(11) NOT NULL AUTO_INCREMENT;

--
-- AUTO_INCREMENT pour la table `invoice_product`
--
ALTER TABLE `invoice_product`
  MODIFY `inv_p_id` int(11) NOT NULL AUTO_INCREMENT;

--
-- AUTO_INCREMENT pour la table `language`
--
ALTER TABLE `language`
  MODIFY `id` int(11) UNSIGNED NOT NULL AUTO_INCREMENT, AUTO_INCREMENT=403;

--
-- AUTO_INCREMENT pour la table `log_info`
--
ALTER TABLE `log_info`
  MODIFY `log_id` int(11) UNSIGNED NOT NULL AUTO_INCREMENT, AUTO_INCREMENT=15;

--
-- AUTO_INCREMENT pour la table `medicine`
--
ALTER TABLE `medicine`
  MODIFY `medicine_id` int(11) NOT NULL AUTO_INCREMENT, AUTO_INCREMENT=6;

--
-- AUTO_INCREMENT pour la table `medicine_herbs`
--
ALTER TABLE `medicine_herbs`
  MODIFY `mh_id` int(11) NOT NULL AUTO_INCREMENT, AUTO_INCREMENT=20;

--
-- AUTO_INCREMENT pour la table `medicine_temp`
--
ALTER TABLE `medicine_temp`
  MODIFY `id` int(11) NOT NULL AUTO_INCREMENT;

--
-- AUTO_INCREMENT pour la table `patient_medical_info`
--
ALTER TABLE `patient_medical_info`
  MODIFY `pmi_id` int(11) NOT NULL AUTO_INCREMENT, AUTO_INCREMENT=25;

--
-- AUTO_INCREMENT pour la table `payment_account_setup`
--
ALTER TABLE `payment_account_setup`
  MODIFY `set_up_id` int(11) NOT NULL AUTO_INCREMENT, AUTO_INCREMENT=2;

--
-- AUTO_INCREMENT pour la table `payment_table`
--
ALTER TABLE `payment_table`
  MODIFY `payment_id` int(11) NOT NULL AUTO_INCREMENT;

--
-- AUTO_INCREMENT pour la table `prescription_data`
--
ALTER TABLE `prescription_data`
  MODIFY `prescription_id` int(11) NOT NULL AUTO_INCREMENT, AUTO_INCREMENT=3;

--
-- AUTO_INCREMENT pour la table `pres_language`
--
ALTER TABLE `pres_language`
  MODIFY `lang_id` int(11) NOT NULL AUTO_INCREMENT, AUTO_INCREMENT=5;

--
-- AUTO_INCREMENT pour la table `print_pattern`
--
ALTER TABLE `print_pattern`
  MODIFY `id` int(11) NOT NULL AUTO_INCREMENT, AUTO_INCREMENT=2;

--
-- AUTO_INCREMENT pour la table `schedul_setup_tbl`
--
ALTER TABLE `schedul_setup_tbl`
  MODIFY `schedul_id` int(11) UNSIGNED NOT NULL AUTO_INCREMENT, AUTO_INCREMENT=19;

--
-- AUTO_INCREMENT pour la table `section`
--
ALTER TABLE `section`
  MODIFY `ms_id` int(11) NOT NULL AUTO_INCREMENT, AUTO_INCREMENT=6;

--
-- AUTO_INCREMENT pour la table `service_info`
--
ALTER TABLE `service_info`
  MODIFY `id` int(11) NOT NULL AUTO_INCREMENT, AUTO_INCREMENT=8;

--
-- AUTO_INCREMENT pour la table `sms_delivery`
--
ALTER TABLE `sms_delivery`
  MODIFY `sms_delivery_id` int(11) NOT NULL AUTO_INCREMENT;

--
-- AUTO_INCREMENT pour la table `sms_gateway`
--
ALTER TABLE `sms_gateway`
  MODIFY `gateway_id` int(11) NOT NULL AUTO_INCREMENT, AUTO_INCREMENT=2;

--
-- AUTO_INCREMENT pour la table `sms_info`
--
ALTER TABLE `sms_info`
  MODIFY `sms_info_id` int(11) NOT NULL AUTO_INCREMENT, AUTO_INCREMENT=4;

--
-- AUTO_INCREMENT pour la table `sms_schedule`
--
ALTER TABLE `sms_schedule`
  MODIFY `ss_id` int(11) NOT NULL AUTO_INCREMENT;

--
-- AUTO_INCREMENT pour la table `sms_teamplate`
--
ALTER TABLE `sms_teamplate`
  MODIFY `teamplate_id` int(11) NOT NULL AUTO_INCREMENT, AUTO_INCREMENT=2;

--
-- AUTO_INCREMENT pour la table `users_tbl`
--
ALTER TABLE `users_tbl`
  MODIFY `user_id` int(11) UNSIGNED NOT NULL AUTO_INCREMENT, AUTO_INCREMENT=4;

--
-- AUTO_INCREMENT pour la table `web_pages_tbl`
--
ALTER TABLE `web_pages_tbl`
  MODIFY `id` int(11) UNSIGNED NOT NULL AUTO_INCREMENT, AUTO_INCREMENT=45;
COMMIT;

/*!40101 SET CHARACTER_SET_CLIENT=@OLD_CHARACTER_SET_CLIENT */;
/*!40101 SET CHARACTER_SET_RESULTS=@OLD_CHARACTER_SET_RESULTS */;
/*!40101 SET COLLATION_CONNECTION=@OLD_COLLATION_CONNECTION */;
